Date,Day,Season,Competition,Round,Home,Away,Score,Why no network,What livesoccertv lists
2013-08-22,Thu,2013,Europa League,Playoff Round,Dinamo Tbilisi,Tottenham Hotspur,5-0,"listed, but no US channel at all",
2013-09-24,Tue,2013,League Cup,Third Round,Aston Villa,Tottenham Hotspur,4-0,only a carrier or regional network,beIN SPORTS CONNECT U.S.A.
2013-10-30,Wed,2013,League Cup,Fourth Round,Tottenham Hotspur,Hull City,2-2,"listed, but no US channel at all",
2013-12-18,Wed,2013,League Cup,Quarterfinals,Tottenham Hotspur,West Ham United,1-2,only a carrier or regional network,beIN SPORTS CONNECT U.S.A.
2014-08-21,Thu,2014,Europa League,Playoff Round,AEL,Tottenham Hotspur,2-1,only a carrier or regional network,beIN SPORTS CONNECT U.S.A.
2014-08-28,Thu,2014,Europa League,Playoff Round,Tottenham Hotspur,AEL,3-0,only channels you removed: beIN,beIN SPORTS CONNECT U.S.A.; beIN SPORTS USA
2014-09-24,Wed,2014,League Cup,Third Round,Tottenham Hotspur,Nottingham Forest,3-1,radio only,SiriusXM FC
2014-10-29,Wed,2014,League Cup,Fourth Round,Tottenham Hotspur,Brighton & Hove Albion,2-0,only a carrier or regional network,beIN SPORTS CONNECT U.S.A.
2014-12-17,Wed,2014,League Cup,Quarterfinals,Tottenham Hotspur,Newcastle United,4-0,only a carrier or regional network,beIN SPORTS CONNECT U.S.A.
2015-01-05,Mon,2014,FA Cup,Third Round,Burnley,Tottenham Hotspur,1-1,"listed, but no US channel at all",
2015-01-14,Wed,2014,FA Cup,Third Round Replay,Tottenham Hotspur,Burnley,4-2,radio only,SiriusXM FC
2015-01-21,Wed,2014,League Cup,Semifinals,Tottenham Hotspur,Sheffield United,1-0,only a carrier or regional network,SiriusXM FC; beIN SPORTS CONNECT U.S.A.
2015-01-24,Sat,2014,FA Cup,Fourth Round,Tottenham Hotspur,Leicester City,1-2,"listed, but no US channel at all",
2015-01-28,Wed,2014,League Cup,Semifinals,Sheffield United,Tottenham Hotspur,2-2,"listed, but no US channel at all",
2015-02-19,Thu,2014,Europa League,Round of 32,Tottenham Hotspur,Fiorentina,1-1,only channels you removed: FOX Soccer Plus,Fox Soccer Plus; SiriusXM FC
2015-03-01,Sun,2014,League Cup,Final,Chelsea,Tottenham Hotspur,0-2,only channels you removed: beIN,SiriusXM FC; beIN SPORTS CONNECT U.S.A.; beIN SPORTS USA; beIN SPORTS en Español; fuboTV
2015-09-23,Wed,2015,League Cup,Third Round,Tottenham Hotspur,Arsenal,1-2,only channels you removed: beIN,SiriusXM FC; beIN SPORTS CONNECT U.S.A.; beIN SPORTS USA; fuboTV
2015-12-10,Thu,2015,Europa League,Group Stage,Tottenham Hotspur,AS Monaco,4-1,"only channels you removed: ESPN App, ESPN Deportes",Bally Sports; ESPN App; ESPN Deportes USA; Fox Sports 1 USA
2016-02-21,Sun,2015,FA Cup,Fifth Round,Tottenham Hotspur,Crystal Palace,0-1,only a carrier or regional network,FanDuel Sports Network Florida; FanDuel Sports Network Midwest; FanDuel Sports Network Ohio; FanDuel Sports Network South; FanDuel Sports Network West
2016-09-21,Wed,2016,League Cup,Third Round,Tottenham Hotspur,Gillingham,5-0,only a carrier or regional network,beIN SPORTS CONNECT U.S.A.
2016-10-25,Tue,2016,League Cup,Fourth Round,Liverpool,Tottenham Hotspur,1-2,only channels you removed: beIN,beIN SPORTS CONNECT U.S.A.; beIN SPORTS USA; fuboTV
2017-01-28,Sat,2016,FA Cup,Fourth Round,Tottenham Hotspur,Wycombe Wanderers,4-3,only channels you removed: FOX Soccer Plus,Fox Soccer Plus
2017-09-19,Tue,2017,League Cup,Third Round,Tottenham Hotspur,Barnsley,1-0,"listed, but no US channel at all",
2018-01-07,Sun,2017,FA Cup,Third Round,Tottenham Hotspur,AFC Wimbledon,3-0,"listed, but no US channel at all",
2020-10-22,Thu,2020,Europa League,Group Stage,Tottenham Hotspur,LASK Linz,3-0,"only channels you removed: TUDN, UniMas, Univision",TUDN App; TUDN.com; UniMás; Univision NOW; fuboTV
2020-10-29,Thu,2020,Europa League,Group Stage,Antwerp,Tottenham Hotspur,0-1,"only channels you removed: TUDN, UniMas, Univision",TUDN.com; TUDNxtra; UniMás; Univision NOW; fuboTV
2020-11-05,Thu,2020,Europa League,Group Stage,Ludogorets Razgrad,Tottenham Hotspur,3-1,only channels you removed: TUDN,TUDN App; TUDN USA; TUDN.com; TUDNxtra; fuboTV
2020-11-26,Thu,2020,Europa League,Group Stage,Tottenham Hotspur,Ludogorets Razgrad,4-0,only channels you removed: TUDN,TUDN App; TUDN USA; TUDN.com; fuboTV
2020-12-03,Thu,2020,Europa League,Group Stage,LASK Linz,Tottenham Hotspur,3-3,"only channels you removed: UniMas, Univision",UniMás; Univision NOW; fuboTV
2020-12-10,Thu,2020,Europa League,Group Stage,Tottenham Hotspur,Antwerp,2-0,"only channels you removed: TUDN, UniMas, Univision",TUDN App; TUDN.com; UniMás; Univision NOW; fuboTV
2021-02-18,Thu,2020,Europa League,Round of 32,Wolfsberger,Tottenham Hotspur,4-1,only channels you removed: TUDN,TUDN App; TUDN USA; TUDN.com; TUDNxtra; fuboTV
2021-02-24,Wed,2020,Europa League,Round of 32,Tottenham Hotspur,Wolfsberger,4-0,only channels you removed: TUDN,TUDN App; TUDN USA; TUDN.com; TUDNxtra; fuboTV
2021-08-19,Thu,2021,Conference League,Playoff Round,Paços de Ferreira,Tottenham Hotspur,0-1,"listed, but no US channel at all",
