Date,Season,Competition,Round,Opponent,Score,Line,Shows,Source,Footer cell
2013-09-22,2013-14,Premier League,,at Cardiff City,1-0,Late Winner,Paulinho 90'+3,Sheet,Late Winner
2013-09-28,2013-14,Premier League,,Chelsea,1-1,Scorers,Sigurdsson 19',Sheet,Scorers
2013-10-27,2013-14,Premier League,,Hull City,1-0,Late Winner,Soldado 80',Sheet,Late Winner
2013-12-01,2013-14,Premier League,,Manchester United,2-2,Scorers,"Walker 18', Sandro 54'",Automatic,
2013-12-04,2013-14,Premier League,,at Fulham,2-1,Late Winner,Holtby 82',Sheet,Late Winner
2014-01-01,2013-14,Premier League,,at Manchester United,2-1,Scorers,"Adebayor 34', Eriksen 66'",Sheet,Scorers
2014-03-23,2013-14,Premier League,,Southampton,3-2,Late Winner,Sigurdsson 90'+2,Sheet,Late Winner
2014-08-16,2014-15,Premier League,,at West Ham United,1-0,Scorers,Dier 90'+3,Sheet,Scorers
2014-09-24,2014-15,League Cup,Third Round,Nottingham Forest,3-1,Late Winner,"Soldado 83', Kane 90'+1",Sheet,Late Winner
2014-09-27,2014-15,Premier League,,at Arsenal,1-1,Scorers,Chadli 56',Sheet,Scorers
2014-11-02,2014-15,Premier League,,at Aston Villa,2-1,Scorers,"Chadli 84', Kane 90'",Sheet,Scorers
2014-11-23,2014-15,Premier League,,at Hull City,2-1,Late Winner,Eriksen 90',Sheet,Late Winner
2014-12-14,2014-15,Premier League,,at Swansea City,2-1,Late Winner,Eriksen 89',Sheet,Late Winner
2015-01-01,2014-15,Premier League,,Chelsea,5-3,Scorers,"Kane 30', 52', Rose 44', Townsend 45'+4, Chadli 78'",Sheet,Scorers
2015-01-17,2014-15,Premier League,,Sunderland,2-1,Late Winner,Eriksen 88',Sheet,Late Winner
2015-01-28,2014-15,League Cup,Semifinals,at Sheffield United,2-2,Late Winner,Eriksen 88',Sheet,Late Winner
2015-02-07,2014-15,Premier League,,Arsenal,2-1,Scorers,"Kane 56', 86'",Sheet,Scorers
2015-09-13,2015-16,Premier League,,at Sunderland,1-0,Late Winner,Mason 82',Sheet,Late Winner
2015-09-26,2015-16,Premier League,,Manchester City,4-1,Scorers,"Dier 45', Alderweireld 50', Kane 61', Lamela 79'",Sheet,Scorers
2015-11-05,2015-16,Europa League,Group Stage,Anderlecht,2-1,Late Winner,Dembélé 87',Sheet,Late Winner
2015-11-08,2015-16,Premier League,,at Arsenal,1-1,Scorers,Kane 32',Sheet,Scorers
2015-11-22,2015-16,Premier League,,West Ham United,4-1,Scorers,"Kane 23', 50', Alderweireld 33', Walker 83'",Sheet,Scorers
2015-12-28,2015-16,Premier League,,at Watford,2-1,Late Winner,Son 89',Sheet,Late Winner
2016-01-23,2015-16,Premier League,,at Crystal Palace,3-1,Late Winner,"Alli 84', Chadli 90'+5",Sheet,Late Winner
2016-02-14,2015-16,Premier League,,at Manchester City,2-1,Scorers,"Kane 53', Eriksen 83'",Sheet,Scorers
2016-03-05,2015-16,Premier League,,Arsenal,2-2,Scorers,"Alderweireld 60', Kane 62'",Automatic,
2016-04-02,2015-16,Premier League,,at Liverpool,1-1,Scorers,Kane 63',Automatic,
2016-04-10,2015-16,Premier League,,Manchester United,3-0,Scorers,"Alli 70', Alderweireld 74', Lamela 76'",Sheet,Scorers
2016-05-02,2015-16,Premier League,,at Chelsea,2-2,Scorers,"Kane 35', Son 44'",Automatic,
2016-08-20,2016-17,Premier League,,Crystal Palace,1-0,Late Winner,Wanyama 82',Sheet,Late Winner
2016-08-27,2016-17,Premier League,,Liverpool,1-1,Scorers,Rose 72',Sheet,Scorers
2016-10-02,2016-17,Premier League,,Manchester City,2-0,Scorers,"OG 9', Alli 37'",Sheet,Scorers
2016-11-06,2016-17,Premier League,,at Arsenal,1-1,Scorers,Kane 51',Sheet,Scorers
2016-11-19,2016-17,Premier League,,West Ham United,3-2,Late Winner,"Kane 89', 90'+1",Sheet,Late Winner
2017-01-04,2016-17,Premier League,,Chelsea,2-0,Scorers,"Alli 45'+1, 54'",Sheet,Scorers
2017-01-21,2016-17,Premier League,,at Manchester City,2-2,Scorers,"Alli 58', Son 77'",Sheet,Scorers
2017-01-28,2016-17,FA Cup,Fourth Round,Wycombe Wanderers,4-3,Late Winner,"Alli 89', Son 90'+7",Sheet,Late Winner
2017-04-05,2016-17,Premier League,,at Swansea City,3-1,Late Winner,"Alli 88', Son 90'+1, Eriksen 90'+4",Sheet,Late Winner
2017-04-30,2016-17,Premier League,,Arsenal,2-0,Scorers,"Alli 55', Kane 58'",Sheet,Scorers
2017-05-14,2016-17,Premier League,,Manchester United,2-1,Scorers,"Wanyama 6', Kane 48'",Sheet,Scorers
2017-09-13,2017-18,Champions League,Group Stage,Borussia Dortmund,3-1,Scorers,"Son 4', Kane 15', 60'",Sheet,Scorers
2017-09-23,2017-18,Premier League,,at West Ham United,3-2,Scorers,"Kane 34', 38', Eriksen 60'",Sheet,Scorers
2017-10-17,2017-18,Champions League,Group Stage,at Real Madrid,1-1,Scorers,OG 28',Sheet,Scorers
2017-10-22,2017-18,Premier League,,Liverpool,4-1,Scorers,"Kane 4', 56', Son 12', Alli 45'+3",Automatic,
2017-11-01,2017-18,Champions League,Group Stage,Real Madrid,3-1,Scorers,"Alli 27', 56', Eriksen 65'",Sheet,Scorers
2017-11-21,2017-18,Champions League,Group Stage,at Borussia Dortmund,2-1,Scorers,"Kane 49', Son 76'",Sheet,Scorers
2018-01-31,2017-18,Premier League,,Manchester United,2-0,Scorers,"Eriksen 1', OG 28'",Sheet,Scorers
2018-02-04,2017-18,Premier League,,at Liverpool,2-2,Scorers,"Wanyama 80', Kane 90'+5",Sheet,Scorers
2018-02-10,2017-18,Premier League,,Arsenal,1-0,Scorers,Kane 49',Sheet,Scorers
2018-02-25,2017-18,Premier League,,at Crystal Palace,1-0,Late Winner,Kane 88',Sheet,Late Winner
2018-04-01,2017-18,Premier League,,at Chelsea,3-1,Scorers,"Eriksen 45'+1, Alli 62', 66'",Sheet,Scorers
2018-05-13,2017-18,Premier League,,Leicester City,5-4,Scorers,"Kane 7', 76', Lamela 49', 60', OG 53'",Sheet,Scorers
2018-08-27,2018-19,Premier League,,at Manchester United,3-0,Scorers,"Kane 50', Moura 52', 84'",Sheet,Scorers
2018-10-20,2018-19,Premier League,,at West Ham United,1-0,Scorers,Lamela 44',Sheet,Scorers
2018-11-06,2018-19,Champions League,Group Stage,PSV Eindhoven,2-1,Late Winner,Kane 89',Sheet,Late Winner
2018-11-24,2018-19,Premier League,,Chelsea,3-1,Scorers,"Alli 8', Kane 16', Son 54'",Sheet,Scorers
2018-11-28,2018-19,Champions League,Group Stage,Internazionale,1-0,Scorers,Eriksen 80',Sheet,Scorers
2018-12-11,2018-19,Champions League,Group Stage,at Barcelona,1-1,Scorers,Moura 85',Sheet,Scorers
2018-12-15,2018-19,Premier League,,Burnley,1-0,Late Winner,Eriksen 90'+1,Sheet,Late Winner
2018-12-19,2018-19,League Cup,Fifth Round,at Arsenal,2-0,Scorers,"Son 20', Alli 59'",Sheet,Scorers
2019-01-08,2018-19,League Cup,Semifinals,Chelsea,1-0,Scorers,Kane 26',Automatic,
2019-01-20,2018-19,Premier League,,at Fulham,2-1,Late Winner,Winks 90'+3,Sheet,Late Winner
2019-01-30,2018-19,Premier League,,Watford,2-1,Late Winner,"Son 80', Llorente 87'",Sheet,Late Winner
2019-02-02,2018-19,Premier League,,Newcastle United,1-0,Late Winner,Son 83',Sheet,Late Winner
2019-02-13,2018-19,Champions League,Round of 16,Borussia Dortmund,3-0,Scorers,"Son 47', Vertonghen 83', Llorente 86'",Sheet,Scorers
2019-03-02,2018-19,Premier League,,Arsenal,1-1,Scorers,Kane 74',Sheet,Scorers
2019-03-05,2018-19,Champions League,Round of 16,at Borussia Dortmund,1-0,Scorers,Kane 48',Sheet,Scorers
2019-04-09,2018-19,Champions League,Quarterfinals,Manchester City,1-0,Scorers,Son 78',Sheet,Scorers
2019-04-17,2018-19,Champions League,Quarterfinals,at Manchester City,3-4,Scorers,"Son 7', 10', Llorente 73'",Sheet,Scorers
2019-04-23,2018-19,Premier League,,Brighton & Hove Albion,1-0,Late Winner,Eriksen 88',Sheet,Late Winner
2019-05-08,2018-19,Champions League,Semifinals,at Ajax Amsterdam,3-2,Scorers,"Moura 55', 59', 90'+6",Sheet,Scorers
2019-05-12,2018-19,Premier League,,Everton,2-2,Scorers,"Dier 3', Eriksen 75'",Sheet,Scorers | Clinched UCL
2019-08-10,2019-20,Premier League,,Aston Villa,3-1,Late Winner,"Kane 86', 90'",Sheet,Late Winner
2019-08-17,2019-20,Premier League,,at Manchester City,2-2,Scorers,"Lamela 23', Moura 56'",Sheet,Scorers
2019-09-01,2019-20,Premier League,,at Arsenal,2-2,Scorers,"Eriksen 10', Kane 40'",Sheet,Scorers
2019-11-23,2019-20,Premier League,,at West Ham United,3-2,Scorers,"Son 36', Moura 43', Kane 49'",Sheet,Scorers
2019-12-15,2019-20,Premier League,,at Wolverhampton Wanderers,2-1,Late Winner,Vertonghen 90'+1,Sheet,Late Winner
2020-02-02,2019-20,Premier League,,Manchester City,2-0,Scorers,"Bergwijn 63', Son 71'",Sheet,Scorers
2020-02-05,2019-20,FA Cup,Fourth Round Replay,Southampton,3-2,Late Winner,Son 87',Sheet,Late Winner
2020-02-16,2019-20,Premier League,,at Aston Villa,3-2,Late Winner,Son 90'+4,Sheet,Late Winner
2020-06-19,2019-20,Premier League,,Manchester United,1-1,Scorers,Bergwijn 27',Automatic,
2020-06-23,2019-20,Premier League,,West Ham United,2-0,Scorers,"OG 64', Kane 82'",Sheet,Scorers
2020-07-12,2019-20,Premier League,,Arsenal,2-1,Scorers,"Son 19', Alderweireld 81'",Sheet,Scorers
2020-09-17,2020-21,Europa League,Second Qualifying Round,at Lokomotiv Plovdiv,2-1,Late Winner,"Kane 80', Ndombele 84'",Sheet,Late Winner
2020-09-29,2020-21,League Cup,Fourth Round,Chelsea,1-1,Scorers,Lamela 83',Sheet,Scorers
2020-10-04,2020-21,Premier League,,at Manchester United,6-1,Scorers,"Ndombele 4', Son 7', 37', Kane 30', 79', Aurier 51'",Sheet,Scorers
2020-11-08,2020-21,Premier League,,at West Bromwich Albion,1-0,Late Winner,Kane 88',Sheet,Late Winner
2020-11-21,2020-21,Premier League,,Manchester City,2-0,Scorers,"Son 5', Celso 65'",Sheet,Scorers
2020-12-06,2020-21,Premier League,,Arsenal,2-0,Scorers,"Son 13', Kane 45'+1",Sheet,Scorers
2020-12-16,2020-21,Premier League,,at Liverpool,1-2,Scorers,Son 33',Sheet,Scorers
2021-01-05,2020-21,League Cup,Semifinals,Brentford,2-0,Scorers,"Sissoko 12', Son 70'",Sheet,Scorers
2021-01-25,2020-21,FA Cup,Fourth Round,at Wycombe Wanderers,4-1,Late Winner,"Winks 86', Ndombele 87', 90'+3",Sheet,Late Winner
2021-04-21,2020-21,Premier League,,Southampton,2-1,Late Winner,Son 90',Sheet,Late Winner
2021-05-23,2020-21,Premier League,,at Leicester City,4-2,Late Winner,"Bale 86', 90'+6",Sheet,Late Winner
2021-08-15,2021-22,Premier League,,Manchester City,1-0,Scorers,Son 55',Sheet,Scorers
2021-12-19,2021-22,Premier League,,Liverpool,2-2,Scorers,"Kane 13', Son 74'",Sheet,Scorers
2022-01-01,2021-22,Premier League,,at Watford,1-0,Late Winner,Sánchez 90'+6,Sheet,Late Winner
2022-01-09,2021-22,FA Cup,Third Round,Morecambe,3-1,Late Winner,"Moura 85', Kane 88'",Sheet,Late Winner
2022-01-19,2021-22,Premier League,,at Leicester City,3-2,Late Winner,"Bergwijn 90'+5, 90'+7",Sheet,Late Winner
2022-02-19,2021-22,Premier League,,at Manchester City,3-2,Scorers,"Kulusevski 4', Kane 59', 90'+5",Sheet,Scorers
2022-03-20,2021-22,Premier League,,West Ham United,3-1,Scorers,"OG 9', Son 24', 88'",Sheet,Scorers
2022-05-07,2021-22,Premier League,,at Liverpool,1-1,Scorers,Son 56',Sheet,Scorers
2022-05-12,2021-22,Premier League,,Arsenal,3-0,Scorers,"Kane 22', 37', Son 47'",Sheet,Scorers
2022-08-14,2022-23,Premier League,,at Chelsea,2-2,Scorers,"Højbjerg 68', Kane 90'+6",Sheet,Scorers
2022-10-29,2022-23,Premier League,,at AFC Bournemouth,3-2,Late Winner,Bentancur 90'+2,Sheet,Late Winner
2022-11-01,2022-23,Champions League,Group Stage,at Marseille,2-1,Late Winner,Højbjerg 90'+5,Sheet,Late Winner
2022-11-12,2022-23,Premier League,,Leeds United,4-3,Late Winner,"Bentancur 81', 83'",Sheet,Late Winner
2023-02-05,2022-23,Premier League,,Manchester City,1-0,Scorers,Kane 15',Sheet,Scorers
2023-02-19,2022-23,Premier League,,West Ham United,2-0,Scorers,"Royal 56', Son 72'",Sheet,Scorers
2023-02-26,2022-23,Premier League,,Chelsea,2-0,Scorers,"Skipp 46', Kane 82'",Sheet,Scorers
2023-04-27,2022-23,Premier League,,Manchester United,2-2,Scorers,"Porro 56', Son 79'",Sheet,Scorers
2023-08-19,2023-24,Premier League,,Manchester United,2-0,Scorers,"Sarr 49', OG 83'",Sheet,Scorers
2023-09-16,2023-24,Premier League,,Sheffield United,2-1,Late Winner,"Richarlison 90'+8, Kulusevski 90'+10",Sheet,Late Winner
2023-09-24,2023-24,Premier League,,at Arsenal,2-2,Scorers,"Son 42', 55'",Sheet,Scorers
2023-09-30,2023-24,Premier League,,Liverpool,2-1,Scorers,"Son 36', OG 90'+6",Sheet,Scorers
2023-12-03,2023-24,Premier League,,at Manchester City,3-3,Scorers,"Son 6', Celso 69', Kulusevski 90'",Sheet,Scorers
2024-01-14,2023-24,Premier League,,at Manchester United,2-2,Scorers,"Richarlison 19', Bentancur 46'",Automatic,
2024-02-10,2023-24,Premier League,,Brighton & Hove Albion,2-1,Late Winner,Johnson 90'+6,Sheet,Late Winner
2024-03-02,2023-24,Premier League,,Crystal Palace,3-1,Late Winner,"Romero 80', Son 88'",Sheet,Late Winner
2024-03-10,2023-24,Premier League,,at Aston Villa,4-0,Scorers,"Maddison 50', Johnson 53', Son 90'+1, Werner 90'+4",Sheet,Scorers
2024-03-30,2023-24,Premier League,,Luton Town,2-1,Late Winner,Son 86',Sheet,Late Winner
2024-05-11,2023-24,Premier League,,Burnley,2-1,Late Winner,Van de Ven 82',Sheet,Late Winner
2024-09-18,2024-25,League Cup,Third Round,at Coventry City,2-1,Late Winner,"Spence 88', Johnson 90'+2",Sheet,Late Winner
2024-09-29,2024-25,Premier League,,at Manchester United,3-0,Scorers,"Johnson 3', Kulusevski 47', Solanke 77'",Sheet,Scorers
2024-10-19,2024-25,Premier League,,West Ham United,4-1,Scorers,"Kulusevski 36', Bissouma 52', OG 55', Son 60'",Sheet,Scorers
2024-10-30,2024-25,League Cup,Fourth Round,Manchester City,2-1,Scorers,"Werner 5', Sarr 25'",Sheet,Scorers
2024-11-23,2024-25,Premier League,,at Manchester City,4-0,Scorers,"Maddison 13', 20', Porro 52', Johnson 90'+3",Sheet,Scorers
2024-12-19,2024-25,League Cup,Quarterfinals,Manchester United,4-3,Scorers,"Solanke 15', 54', Kulusevski 46', Son 88'",Sheet,Scorers
2025-01-08,2024-25,League Cup,Semifinals,Liverpool,1-0,Scorers,Bergvall 86',Automatic,
2025-01-12,2024-25,FA Cup,Third Round,at Tamworth,3-0,Late Winner,"OG 101', Kulusevski 107', Johnson 118'",Automatic,
2025-02-16,2024-25,Premier League,,Manchester United,1-0,Scorers,Maddison 13',Sheet,Scorers
2025-04-10,2024-25,Europa League,Quarterfinals,Eintracht Frankfurt,1-1,Scorers,Porro 26',Sheet,Scorers
2025-04-17,2024-25,Europa League,Quarterfinals,at Eintracht Frankfurt,1-0,Scorers,Solanke 43',Sheet,Scorers
2025-05-01,2024-25,Europa League,Semifinals,Bodo/Glimt,3-1,Scorers,"Johnson 1', Maddison 34', Solanke 61'",Sheet,Scorers
2025-05-08,2024-25,Europa League,Semifinals,at Bodo/Glimt,2-0,Scorers,"Solanke 63', Porro 69'",Sheet,Scorers
2025-05-21,2024-25,Europa League,Final,Manchester United,1-0,Scorers,Johnson 42',Sheet,Scorers
2025-08-23,2025-26,Premier League,,at Manchester City,2-0,Scorers,"Johnson 35', Palhinha 45'+2",Sheet,Scorers
2025-09-13,2025-26,Premier League,,at West Ham United,3-0,Scorers,"Sarr 47', Bergvall 57', Van de Ven 64'",Sheet,Scorers
2025-11-08,2025-26,Premier League,,Manchester United,2-2,Scorers,"Tel 84', Richarlison 90'+1",Sheet,Scorers
2026-01-20,2025-26,Champions League,League Phase,Borussia Dortmund,2-0,Scorers,"Romero 14', Solanke 37'",Sheet,Scorers
2026-01-28,2025-26,Champions League,League Phase,at Eintracht Frankfurt,2-0,Scorers,"Muani 47', Solanke 77'",Sheet,Scorers
2026-02-01,2025-26,Premier League,,Manchester City,2-2,Scorers,"Solanke 53', 70'",Sheet,Scorers
2026-03-15,2025-26,Premier League,,at Liverpool,1-1,Scorers,Richarlison 90',Sheet,Scorers
2026-04-25,2025-26,Premier League,,at Wolverhampton Wanderers,1-0,Scorers,Palhinha 82',Sheet,Scorers | Relegation Race
2026-05-03,2025-26,Premier League,,at Aston Villa,2-1,Scorers,"Gallagher 12', Richarlison 25'",Sheet,Scorers | Relegation Race
2026-05-24,2025-26,Premier League,,Everton,1-0,Scorers,Palhinha 43',Sheet,Scorers | Relegation Race
