Year,Date,Opponent,Comp,Kit,Case,Attended,Shade,Border,Footer,Notes,Team BG,Team Font,Opp BG,Opp Font
2013-14,8/18/13,Crystal Palace,Premier League MW 1,,,,,,,,,,,
2013-14,8/22/13,Dinamo Tbilisi,Europa League Playoff Round,,,,,,,,,,,
2013-14,8/25/13,Swansea City,Premier League MW 2,,,,,,,,,,,
2013-14,8/29/13,Dinamo Tbilisi,Europa League Playoff Round,,,,,,,,,,,
2013-14,9/1/13,Arsenal,Premier League MW 3,,,,,,,,,,,
2013-14,9/14/13,Norwich City,Premier League MW 4,,,,,,,,,,,
2013-14,9/19/13,Tromsø,Europa League Group Stage,,,,,,,,,,,
2013-14,9/22/13,Cardiff City,Premier League MW 5,,,,,,,,,,,
2013-14,9/24/13,Aston Villa,League Cup Third Round,,,,,,,,,,,
2013-14,9/28/13,Chelsea,Premier League MW 6,,,,,,,,,,,
2013-14,10/3/13,Anzhi,Europa League Group Stage,,,,,,,,,,,
2013-14,10/6/13,West Ham United,Premier League MW 7,,,,,,,,,,,
2013-14,10/20/13,Aston Villa,Premier League MW 8,,,,,,,,,,,
2013-14,10/24/13,Sheriff Tiraspol,Europa League Group Stage,,,,,,,,,,,
2013-14,10/27/13,Hull City,Premier League MW 9,,,,,,,,,,,
2013-14,10/30/13,Hull City,League Cup Fourth Round,,,,,,,,,,,
2013-14,11/3/13,Everton,Premier League MW 10,,,,,,,,,,,
2013-14,11/7/13,Sheriff Tiraspol,Europa League Group Stage,,,,,,,,,,,
2013-14,11/10/13,Newcastle United,Premier League MW 11,,,,,,,,,,,
2013-14,11/24/13,Man City,Premier League MW 12,,,,,,,,,,,
2013-14,11/28/13,Tromsø,Europa League Group Stage,,,,,,,,,,,
2013-14,12/1/13,Man United,Premier League MW 13,,,,,,,,,,,
2013-14,12/4/13,Fulham,Premier League MW 14,,,,,,,,,,,
2013-14,12/7/13,Sunderland,Premier League MW 15,,,,,,,,,,,
2013-14,12/12/13,Anzhi,Europa League Group Stage,,,,,,,,,,,
2013-14,12/15/13,Liverpool,Premier League MW 16,,,,,,,,,,,
2013-14,12/18/13,West Ham United,League Cup Quarterfinals,,,,,,,,,,,
2013-14,12/22/13,Southampton,Premier League MW 17,,,,,,,,,,,
2013-14,12/26/13,West Brom,Premier League MW 18,,,,,,,,,,,
2013-14,12/29/13,Stoke City,Premier League MW 19,,,,,,,,,,,
2013-14,1/1/14,Man United,Premier League MW 20,,,,,,,,,,,
2013-14,1/4/14,Arsenal,FA Cup Third Round,,,,,,,,,,,
2013-14,1/11/14,Crystal Palace,Premier League MW 21,,,,,,,,,,,
2013-14,1/19/14,Swansea City,Premier League MW 22,,,,,,,,,,,
2013-14,1/29/14,Man City,Premier League MW 23,,,,,,,,,,,
2013-14,2/1/14,Hull City,Premier League MW 24,,,,,,,,,,,
2013-14,2/9/14,Everton,Premier League MW 25,,,,,,,,,,,
2013-14,2/12/14,Newcastle United,Premier League MW 26,,,,,,,,,,,
2013-14,2/20/14,Dnipro,Europa League Round of 32,,,,,,,,,,,
2013-14,2/23/14,Norwich City,Premier League MW 27,,,,,,,,,,,
2013-14,2/27/14,Dnipro,Europa League Round of 32,,,,,,,,,,,
2013-14,3/2/14,Cardiff City,Premier League MW 28,,,,,,,,,,,
2013-14,3/8/14,Chelsea,Premier League MW 29,,,,,,,,,,,
2013-14,3/13/14,Benfica,Europa League Round of 16,,,,,,,,,,,
2013-14,3/16/14,Arsenal,Premier League MW 30,,,,,,,,,,,
2013-14,3/20/14,Benfica,Europa League Round of 16,,,,,,,,,,,
2013-14,3/23/14,Southampton,Premier League MW 31,,,,,,,,,,,
2013-14,3/30/14,Liverpool,Premier League MW 32,,,,,,,,,,,
2013-14,4/7/14,Sunderland,Premier League MW 33,,,,,,,,,,,
2013-14,4/12/14,West Brom,Premier League MW 34,,,,,,,,,,,
2013-14,4/19/14,Fulham,Premier League MW 35,,,,,,,,,,,
2013-14,4/26/14,Stoke City,Premier League MW 36,,,,,,,,,,,
2013-14,5/3/14,West Ham United,Premier League MW 37,,,,,,,,,,,
2013-14,5/11/14,Aston Villa,Premier League MW 38,,,,,,,,,,,
2014-15,8/16/14,West Ham United,Premier League MW 1,,,,,,,,,,,
2014-15,8/21/14,AEL Limassol,Europa League Playoff Round,,,,,,,,,,,
2014-15,8/24/14,QPR,Premier League MW 2,,,,,,,,,,,
2014-15,8/28/14,AEL Limassol,Europa League Playoff Round,,,,,,,,,,,
2014-15,8/31/14,Liverpool,Premier League MW 3,,,,,,,,,,,
2014-15,9/13/14,Sunderland,Premier League MW 4,,,,,,,,,,,
2014-15,9/18/14,Partizan,Europa League Group Stage,,,,,,,,,,,
2014-15,9/21/14,West Brom,Premier League MW 5,,,,,,,,,,,
2014-15,9/24/14,Nottingham Forest,League Cup Third Round,,,,,,,,,,,
2014-15,9/27/14,Arsenal,Premier League MW 6,,,,,,,,,,,
2014-15,10/2/14,Besiktas,Europa League Group Stage,,,,,,,,,,,
2014-15,10/5/14,Southampton,Premier League MW 7,,,,,,,,,,,
2014-15,10/18/14,Man City,Premier League MW 8,,,,,,,,,,,
2014-15,10/23/14,Asteras Tripoli,Europa League Group Stage,,,,,,,,,,,
2014-15,10/26/14,Newcastle United,Premier League MW 9,,,,,,,,,,,
2014-15,10/29/14,Brighton,League Cup Fourth Round,,,,,,,,,,,
2014-15,11/2/14,Aston Villa,Premier League MW 10,,,,,,,,,,,
2014-15,11/6/14,Asteras Tripoli,Europa League Group Stage,,,,,,,,,,,
2014-15,11/9/14,Stoke City,Premier League MW 11,,,,,,,,,,,
2014-15,11/23/14,Hull City,Premier League MW 12,,,,,,,,,,,
2014-15,11/27/14,Partizan,Europa League Group Stage,,,,,,,,,,,
2014-15,11/30/14,Everton,Premier League MW 13,,,,,,,,,,,
2014-15,12/3/14,Chelsea,Premier League MW 14,,,,,,,,,,,
2014-15,12/6/14,Crystal Palace,Premier League MW 15,,,,,,,,,,,
2014-15,12/11/14,Besiktas,Europa League Group Stage,,,,,,,,,,,
2014-15,12/14/14,Swansea City,Premier League MW 16,,,,,,,,,,,
2014-15,12/17/14,Newcastle United,League Cup Quarterfinals,,,,,,,,,,,
2014-15,12/20/14,Burnley,Premier League MW 17,,,,,,,,,,,
2014-15,12/26/14,Leicester City,Premier League MW 18,,,,,,,,,,,
2014-15,12/28/14,Man United,Premier League MW 19,,,,,,,,,,,
2014-15,1/1/15,Chelsea,Premier League MW 20,,,,,,,,,,,
2014-15,1/5/15,Burnley,FA Cup Third Round,,,,,,,,,,,
2014-15,1/10/15,Crystal Palace,Premier League MW 21,,,,,,,,,,,
2014-15,1/14/15,Burnley,FA Cup Third Round Replay,,,,,,,,,,,
2014-15,1/17/15,Sunderland,Premier League MW 22,,,,,,,,,,,
2014-15,1/21/15,Sheffield United,League Cup Semifinals,,,,,,,,,,,
2014-15,1/24/15,Leicester City,FA Cup Fourth Round,,,,,,,,,,,
2014-15,1/28/15,Sheffield United,League Cup Semifinals,,,,,,,,,,,
2014-15,1/31/15,West Brom,Premier League MW 23,,,,,,,,,,,
2014-15,2/7/15,Arsenal,Premier League MW 24,,,,,,,,,,,
2014-15,2/10/15,Liverpool,Premier League MW 25,,,,,,,,,,,
2014-15,2/19/15,Fiorentina,Europa League Round of 32,,,,,,,,,,,
2014-15,2/22/15,West Ham United,Premier League MW 26,,,,,,,,,,,
2014-15,2/26/15,Fiorentina,Europa League Round of 32,,,,,,,,,,,
2014-15,3/1/15,Chelsea,League Cup Final,,,,,,,,,,,
2014-15,3/4/15,Swansea City,Premier League MW 28,,,,,,,,,,,
2014-15,3/7/15,QPR,Premier League MW 27,,,,,,,,,,,
2014-15,3/15/15,Man United,Premier League MW 29,,,,,,,,,,,
2014-15,3/21/15,Leicester City,Premier League MW 30,,,,,,,,,,,
2014-15,4/5/15,Burnley,Premier League MW 31,,,,,,,,,,,
2014-15,4/11/15,Aston Villa,Premier League MW 32,,,,,,,,,,,
2014-15,4/19/15,Newcastle United,Premier League MW 33,,,,,,,,,,,
2014-15,4/25/15,Southampton,Premier League MW 34,,,,,,,,,,,
2014-15,5/3/15,Man City,Premier League MW 35,,,,,,,,,,,
2014-15,5/9/15,Stoke City,Premier League MW 36,,,,,,,,,,,
2014-15,5/16/15,Hull City,Premier League MW 37,,,,,,,,,,,
2014-15,5/24/15,Everton,Premier League MW 38,,,,,,,,,,,
2015-16,8/8/15,Man United,Premier League MW 1,,,,,,,,,,,
2015-16,8/15/15,Stoke City,Premier League MW 2,,,,,,,,,,,
2015-16,8/22/15,Leicester City,Premier League MW 3,,,,,,,,,,,
2015-16,8/29/15,Everton,Premier League MW 4,,,,,,,,,,,
2015-16,9/13/15,Sunderland,Premier League MW 5,,,,,,,,,,,
2015-16,9/17/15,Qarabag,Europa League Group Stage,,,,,,,,,,,
2015-16,9/20/15,Crystal Palace,Premier League MW 6,,,,,,,,,,,
2015-16,9/23/15,Arsenal,League Cup Third Round,,,,,,,,,,,
2015-16,9/26/15,Man City,Premier League MW 7,,,,,,,,,,,
2015-16,10/1/15,AS Monaco,Europa League Group Stage,,,,,,,,,,,
2015-16,10/4/15,Swansea City,Premier League MW 8,,,,,,,,,,,
2015-16,10/17/15,Liverpool,Premier League MW 9,,,,,,,,,,,
2015-16,10/22/15,Anderlecht,Europa League Group Stage,,,,,,,,,,,
2015-16,10/25/15,Bournemouth,Premier League MW 10,,,,,,,,,,,
2015-16,11/2/15,Aston Villa,Premier League MW 11,,,,,,,,,,,
2015-16,11/5/15,Anderlecht,Europa League Group Stage,,,,,,,,,,,
2015-16,11/8/15,Arsenal,Premier League MW 12,,,,,,,,,,,
2015-16,11/22/15,West Ham United,Premier League MW 13,,,,,,,,,,,
2015-16,11/26/15,Qarabag,Europa League Group Stage,,,,,,,,,,,
2015-16,11/29/15,Chelsea,Premier League MW 14,,,,,,,,,,,
2015-16,12/5/15,West Brom,Premier League MW 15,,,,,,,,,,,
2015-16,12/10/15,AS Monaco,Europa League Group Stage,,,,,,,,,,,
2015-16,12/13/15,Newcastle United,Premier League MW 16,,,,,,,,,,,
2015-16,12/19/15,Southampton,Premier League MW 17,,,,,,,,,,,
2015-16,12/26/15,Norwich City,Premier League MW 18,,,,,,,,,,,
2015-16,12/28/15,Watford,Premier League MW 19,,,,,,,,,,,
2015-16,1/3/16,Everton,Premier League MW 20,,,,,,,,,,,
2015-16,1/10/16,Leicester City,FA Cup Third Round,,,,,,,,,,,
2015-16,1/13/16,Leicester City,Premier League MW 21,,,,,,,,,,,
2015-16,1/16/16,Sunderland,Premier League MW 22,,,,,,,,,,,
2015-16,1/20/16,Leicester City,FA Cup Third Round Replay,,,,,,,,,,,
2015-16,1/23/16,Crystal Palace,Premier League MW 23,,,,,,,,,,,
2015-16,1/30/16,Colchester United,FA Cup Fourth Round,,,,,,,,,,,
2015-16,2/2/16,Norwich City,Premier League MW 24,,,,,,,,,,,
2015-16,2/6/16,Watford,Premier League MW 25,,,,,,,,,,,
2015-16,2/14/16,Man City,Premier League MW 26,,,,,,,,,,,
2015-16,2/18/16,Fiorentina,Europa League Round of 32,,,,,,,,,,,
2015-16,2/21/16,Crystal Palace,FA Cup Fifth Round,,,,,,,,,,,
2015-16,2/25/16,Fiorentina,Europa League Round of 32,,,,,,,,,,,
2015-16,2/28/16,Swansea City,Premier League MW 27,,,,,,,,,,,
2015-16,3/2/16,West Ham United,Premier League MW 28,,,,,,,,,,,
2015-16,3/5/16,Arsenal,Premier League MW 29,,,,,,,,,,,
2015-16,3/10/16,Borussia Dortmund,Europa League Round of 16,,,,,,,,,,,
2015-16,3/13/16,Aston Villa,Premier League MW 30,,,,,,,,,,,
2015-16,3/17/16,Borussia Dortmund,Europa League Round of 16,,,,,,,,,,,
2015-16,3/20/16,Bournemouth,Premier League MW 31,,,,,,,,,,,
2015-16,4/2/16,Liverpool,Premier League MW 32,,,,,,,,,,,
2015-16,4/10/16,Man United,Premier League MW 33,,,,,,,,,,,
2015-16,4/18/16,Stoke City,Premier League MW 34,,,,,,,,,,,
2015-16,4/25/16,West Brom,Premier League MW 35,,,,,,,,,,,
2015-16,5/2/16,Chelsea,Premier League MW 36,,,,,,,,,,,
2015-16,5/8/16,Southampton,Premier League MW 37,,,,,,,,,,,
2015-16,5/15/16,Newcastle United,Premier League MW 38,,,,,,,,,,,
2016-17,8/13/16,Everton,Premier League MW 1,,,,,,,,,,,
2016-17,8/20/16,Crystal Palace,Premier League MW 2,,,,,,,,,,,
2016-17,8/27/16,Liverpool,Premier League MW 3,,,,,,,,,,,
2016-17,9/10/16,Stoke City,Premier League MW 4,,,,,,,,,,,
2016-17,9/14/16,AS Monaco,Champions League Group Stage,,,,,,,,,,,
2016-17,9/18/16,Sunderland,Premier League MW 5,,,,,,,,,,,
2016-17,9/21/16,Gillingham,League Cup Third Round,,,,,,,,,,,
2016-17,9/24/16,Middlesbrough,Premier League MW 6,,,,,,,,,,,
2016-17,9/27/16,CSKA Moscow,Champions League Group Stage,,,,,,,,,,,
2016-17,10/2/16,Man City,Premier League MW 7,,,,,,,,,,,
2016-17,10/15/16,West Brom,Premier League MW 8,,,,,,,,,,,
2016-17,10/18/16,Bayer Leverkusen,Champions League Group Stage,,,,,,,,,,,
2016-17,10/22/16,Bournemouth,Premier League MW 9,,,,,,,,,,,
2016-17,10/25/16,Liverpool,League Cup Fourth Round,,,,,,,,,,,
2016-17,10/29/16,Leicester City,Premier League MW 10,,,,,,,,,,,
2016-17,11/2/16,Bayer Leverkusen,Champions League Group Stage,,,,,,,,,,,
2016-17,11/6/16,Arsenal,Premier League MW 11,,,,,,,,,,,
2016-17,11/19/16,West Ham United,Premier League MW 12,,,,,,,,,,,
2016-17,11/22/16,AS Monaco,Champions League Group Stage,,,,,,,,,,,
2016-17,11/26/16,Chelsea,Premier League MW 13,,,,,,,,,,,
2016-17,12/3/16,Swansea City,Premier League MW 14,,,,,,,,,,,
2016-17,12/7/16,CSKA Moscow,Champions League Group Stage,,,,,,,,,,,
2016-17,12/11/16,Man United,Premier League MW 15,,,,,,,,,,,
2016-17,12/14/16,Hull City,Premier League MW 16,,,,,,,,,,,
2016-17,12/18/16,Burnley,Premier League MW 17,,,,,,,,,,,
2016-17,12/28/16,Southampton,Premier League MW 18,,,,,,,,,,,
2016-17,1/1/17,Watford,Premier League MW 19,,,,,,,,,,,
2016-17,1/4/17,Chelsea,Premier League MW 20,,,,,,,,,,,
2016-17,1/8/17,Aston Villa,FA Cup Third Round,,,,,,,,,,,
2016-17,1/14/17,West Brom,Premier League MW 21,,,,,,,,,,,
2016-17,1/21/17,Man City,Premier League MW 22,,,,,,,,,,,
2016-17,1/28/17,Wycombe Wanderers,FA Cup Fourth Round,,,,,,,,,,,
2016-17,1/31/17,Sunderland,Premier League MW 23,,,,,,,,,,,
2016-17,2/4/17,Middlesbrough,Premier League MW 24,,,,,,,,,,,
2016-17,2/11/17,Liverpool,Premier League MW 25,,,,,,,,,,,
2016-17,2/16/17,Gent,Europa League Round of 32,,,,,,,,,,,
2016-17,2/19/17,Fulham,FA Cup Fifth Round,,,,,,,,,,,
2016-17,2/23/17,Gent,Europa League Round of 32,,,,,,,,,,,
2016-17,2/26/17,Stoke City,Premier League MW 26,,,,,,,,,,,
2016-17,3/5/17,Everton,Premier League MW 27,,,,,,,,,,,
2016-17,3/12/17,Millwall,FA Cup Quarterfinals,,,,,,,,,,,
2016-17,3/19/17,Southampton,Premier League MW 29,,,,,,,,,,,
2016-17,4/1/17,Burnley,Premier League MW 30,,,,,,,,,,,
2016-17,4/5/17,Swansea City,Premier League MW 31,,,,,,,,,,,
2016-17,4/8/17,Watford,Premier League MW 32,,,,,,,,,,,
2016-17,4/15/17,Bournemouth,Premier League MW 33,,,,,,,,,,,
2016-17,4/22/17,Chelsea,FA Cup Semifinals,,,,,,,,,,,
2016-17,4/26/17,Crystal Palace,Premier League MW 28,,,,,,,,,,,
2016-17,4/30/17,Arsenal,Premier League MW 35,,,,,,,,,,,
2016-17,5/5/17,West Ham United,Premier League MW 36,,,,,,,,,,,
2016-17,5/14/17,Man United,Premier League MW 37,,,,,,,,,,,
2016-17,5/18/17,Leicester City,Premier League MW 34,,,,,,,,,,,
2016-17,5/21/17,Hull City,Premier League MW 38,,,,,,,,,,,
2017-18,8/13/17,Newcastle United,Premier League MW 1,,,,,,,,,,,
2017-18,8/20/17,Chelsea,Premier League MW 2,,,,,,,,,,,
2017-18,8/27/17,Burnley,Premier League MW 3,,,,,,,,,,,
2017-18,9/9/17,Everton,Premier League MW 4,,,,,,,,,,,
2017-18,9/13/17,Borussia Dortmund,Champions League Group Stage,,,,,,,,,,,
2017-18,9/16/17,Swansea City,Premier League MW 5,,,,,,,,,,,
2017-18,9/19/17,Barnsley,League Cup Third Round,,,,,,,,,,,
2017-18,9/23/17,West Ham United,Premier League MW 6,,,,,,,,,,,
2017-18,9/26/17,APOEL,Champions League Group Stage,,,,,,,,,,,
2017-18,9/30/17,Huddersfield Town,Premier League MW 7,,,,,,,,,,,
2017-18,10/14/17,Bournemouth,Premier League MW 8,,,,,,,,,,,
2017-18,10/17/17,Real Madrid,Champions League Group Stage,,,,,,,,,,,
2017-18,10/22/17,Liverpool,Premier League MW 9,,,,,,,,,,,
2017-18,10/25/17,West Ham United,League Cup Fourth Round,,,,,,,,,,,
2017-18,10/28/17,Man United,Premier League MW 10,,,,,,,,,,,
2017-18,11/1/17,Real Madrid,Champions League Group Stage,,,,,,,,,,,
2017-18,11/5/17,Crystal Palace,Premier League MW 11,,,,,,,,,,,
2017-18,11/18/17,Arsenal,Premier League MW 12,,,,,,,,,,,
2017-18,11/21/17,Borussia Dortmund,Champions League Group Stage,,,,,,,,,,,
2017-18,11/25/17,West Brom,Premier League MW 13,,,,,,,,,,,
2017-18,11/28/17,Leicester City,Premier League MW 14,,,,,,,,,,,
2017-18,12/2/17,Watford,Premier League MW 15,,,,,,,,,,,
2017-18,12/6/17,APOEL,Champions League Group Stage,,,,,,,,,,,
2017-18,12/9/17,Stoke City,Premier League MW 16,,,,,,,,,,,
2017-18,12/13/17,Brighton,Premier League MW 17,,,,,,,,,,,
2017-18,12/16/17,Man City,Premier League MW 18,,,,,,,,,,,
2017-18,12/23/17,Burnley,Premier League MW 19,,,,,,,,,,,
2017-18,12/26/17,Southampton,Premier League MW 20,,,,,,,,,,,
2017-18,1/2/18,Swansea City,Premier League MW 22,,,,,,,,,,,
2017-18,1/4/18,West Ham United,Premier League MW 21,,,,,,,,,,,
2017-18,1/7/18,AFC Wimbledon,FA Cup Third Round,,,,,,,,,,,
2017-18,1/13/18,Everton,Premier League MW 23,,,,,,,,,,,
2017-18,1/21/18,Southampton,Premier League MW 24,,,,,,,,,,,
2017-18,1/27/18,Newport County,FA Cup Fourth Round,,,,,,,,,,,
2017-18,1/31/18,Man United,Premier League MW 25,,,,,,,,,,,
2017-18,2/4/18,Liverpool,Premier League MW 26,,,,,,,,,,,
2017-18,2/7/18,Newport County,FA Cup Fourth Round Replay,,,,,,,,,,,
2017-18,2/10/18,Arsenal,Premier League MW 27,,,,,,,,,,,
2017-18,2/13/18,Juventus,Champions League Round of 16,,,,,,,,,,,
2017-18,2/18/18,Rochdale,FA Cup Fifth Round,,,,,,,,,,,
2017-18,2/25/18,Crystal Palace,Premier League MW 28,,,,,,,,,,,
2017-18,2/28/18,Rochdale,FA Cup Fifth Round Replay,,,,,,,,,,,
2017-18,3/3/18,Huddersfield Town,Premier League MW 29,,,,,,,,,,,
2017-18,3/7/18,Juventus,Champions League Round of 16,,,,,,,,,,,
2017-18,3/11/18,Bournemouth,Premier League MW 30,,,,,,,,,,,
2017-18,3/17/18,Swansea City,FA Cup Quarterfinals,,,,,,,,,,,
2017-18,4/1/18,Chelsea,Premier League MW 32,,,,,,,,,,,
2017-18,4/7/18,Stoke City,Premier League MW 33,,,,,,,,,,,
2017-18,4/14/18,Man City,Premier League MW 34,,,,,,,,,,,
2017-18,4/17/18,Brighton,Premier League MW 35,,,,,,,,,,,
2017-18,4/21/18,Man United,FA Cup Semifinals,,,,,,,,,,,
2017-18,4/30/18,Watford,Premier League MW 36,,,,,,,,,,,
2017-18,5/5/18,West Brom,Premier League MW 37,,,,,,,,,,,
2017-18,5/9/18,Newcastle United,Premier League MW 31,,,,,,,,,,,
2017-18,5/13/18,Leicester City,Premier League MW 38,,,,,,,,,,,
2018-19,8/11/18,Newcastle United,Premier League MW 1,,,,,,,,,,,
2018-19,8/18/18,Fulham,Premier League MW 2,,,,,,,,,,,
2018-19,8/27/18,Man United,Premier League MW 3,,,,,,,,,,,
2018-19,9/2/18,Watford,Premier League MW 4,,,,,,,,,,,
2018-19,9/15/18,Liverpool,Premier League MW 5,,,,,,,,,,,
2018-19,9/18/18,Inter Milan,Champions League Group Stage,,,,,,,,,,,
2018-19,9/22/18,Brighton,Premier League MW 6,,,,,,,,,,,
2018-19,9/26/18,Watford,League Cup Third Round,,,,,,,,,,,
2018-19,9/29/18,Huddersfield Town,Premier League MW 7,,,,,,,,,,,
2018-19,10/3/18,Barcelona,Champions League Group Stage,,,,,,,,,,,
2018-19,10/6/18,Cardiff City,Premier League MW 8,,,,,,,,,,,
2018-19,10/20/18,West Ham United,Premier League MW 9,,,,,,,,,,,
2018-19,10/24/18,PSV Eindhoven,Champions League Group Stage,,,,,,,,,,,
2018-19,10/29/18,Man City,Premier League MW 10,,,,,,,,,,,
2018-19,10/31/18,West Ham United,League Cup Fourth Round,,,,,,,,,,,
2018-19,11/3/18,Wolves,Premier League MW 11,,,,,,,,,,,
2018-19,11/6/18,PSV Eindhoven,Champions League Group Stage,,,,,,,,,,,
2018-19,11/10/18,Crystal Palace,Premier League MW 12,,,,,,,,,,,
2018-19,11/24/18,Chelsea,Premier League MW 13,,,,,,,,,,,
2018-19,11/28/18,Inter Milan,Champions League Group Stage,,,,,,,,,,,
2018-19,12/2/18,Arsenal,Premier League MW 14,,,,,,,,,,,
2018-19,12/5/18,Southampton,Premier League MW 15,,,,,,,,,,,
2018-19,12/8/18,Leicester City,Premier League MW 16,,,,,,,,,,,
2018-19,12/11/18,Barcelona,Champions League Group Stage,,,,,,,,,,,
2018-19,12/15/18,Burnley,Premier League MW 17,,,,,,,,,,,
2018-19,12/19/18,Arsenal,League Cup Fifth Round,,,,,,,,,,,
2018-19,12/23/18,Everton,Premier League MW 18,,,,,,,,,,,
2018-19,12/26/18,Bournemouth,Premier League MW 19,,,,,,,,,,,
2018-19,12/29/18,Wolves,Premier League MW 20,,,,,,,,,,,
2018-19,1/1/19,Cardiff City,Premier League MW 21,,,,,,,,,,,
2018-19,1/4/19,Tranmere Rovers,FA Cup Third Round,,,,,,,,,,,
2018-19,1/8/19,Chelsea,League Cup Semifinals,,,,,,,,,,,
2018-19,1/13/19,Man United,Premier League MW 22,,,,,,,,,,,
2018-19,1/20/19,Fulham,Premier League MW 23,,,,,,,,,,,
2018-19,1/24/19,Chelsea,League Cup Semifinals,,,,,,,,,,,
2018-19,1/27/19,Crystal Palace,FA Cup Fourth Round,,,,,,,,,,,
2018-19,1/30/19,Watford,Premier League MW 24,,,,,,,,,,,
2018-19,2/2/19,Newcastle United,Premier League MW 25,,,,,,,,,,,
2018-19,2/10/19,Leicester City,Premier League MW 26,,,,,,,,,,,
2018-19,2/13/19,Borussia Dortmund,Champions League Round of 16,,,,,,,,,,,
2018-19,2/23/19,Burnley,Premier League MW 27,,,,,,,,,,,
2018-19,2/27/19,Chelsea,Premier League MW 28,,,,,,,,,,,
2018-19,3/2/19,Arsenal,Premier League MW 29,,,,,,,,,,,
2018-19,3/5/19,Borussia Dortmund,Champions League Round of 16,,,,,,,,,,,
2018-19,3/9/19,Southampton,Premier League MW 30,,,,,,,,,,,
2018-19,3/31/19,Liverpool,Premier League MW 32,,,,,,,,,,,
2018-19,4/3/19,Crystal Palace,Premier League MW 31,,,,,,,,,,,
2018-19,4/9/19,Man City,Champions League Quarterfinals,,,,,,,,,,,
2018-19,4/13/19,Huddersfield Town,Premier League MW 34,,,,,,,,,,,
2018-19,4/17/19,Man City,Champions League Quarterfinals,,,,,,,,,,,
2018-19,4/20/19,Man City,Premier League MW 35,,,,,,,,,,,
2018-19,4/23/19,Brighton,Premier League MW 33,,,,,,,,,,,
2018-19,4/27/19,West Ham United,Premier League MW 36,,,,,,,,,,,
2018-19,4/30/19,Ajax,Champions League Semifinals,,,,,,,,,,,
2018-19,5/4/19,Bournemouth,Premier League MW 37,,,,,,,,,,,
2018-19,5/8/19,Ajax,Champions League Semifinals,,,,,,,,,,,
2018-19,5/12/19,Everton,Premier League MW 38,,,,,,,,,,,
2018-19,6/1/19,Liverpool,Champions League Final,,,,,,,,,,,
2019-20,8/10/19,Aston Villa,Premier League MW 1,,,,,,,,,,,
2019-20,8/17/19,Man City,Premier League MW 2,,,,,,,,,,,
2019-20,8/25/19,Newcastle United,Premier League MW 3,,,,,,,,,,,
2019-20,9/1/19,Arsenal,Premier League MW 4,,,,,,,,,,,
2019-20,9/14/19,Crystal Palace,Premier League MW 5,,,,,,,,,,,
2019-20,9/18/19,Olympiacos,Champions League Group Stage,,,,,,,,,,,
2019-20,9/21/19,Leicester City,Premier League MW 6,,,,,,,,,,,
2019-20,9/24/19,Colchester United,League Cup Third Round,,,,,,,,,,,
2019-20,9/28/19,Southampton,Premier League MW 7,,,,,,,,,,,
2019-20,10/1/19,Bayern Munich,Champions League Group Stage,,,,,,,,,,,
2019-20,10/5/19,Brighton,Premier League MW 8,,,,,,,,,,,
2019-20,10/19/19,Watford,Premier League MW 9,,,,,,,,,,,
2019-20,10/22/19,Red Star Belgrade,Champions League Group Stage,,,,,,,,,,,
2019-20,10/27/19,Liverpool,Premier League MW 10,,,,,,,,,,,
2019-20,11/3/19,Everton,Premier League MW 11,,,,,,,,,,,
2019-20,11/6/19,Red Star Belgrade,Champions League Group Stage,,,,,,,,,,,
2019-20,11/9/19,Sheffield United,Premier League MW 12,,,,,,,,,,,
2019-20,11/23/19,West Ham United,Premier League MW 13,,,,,,,,,,,
2019-20,11/26/19,Olympiacos,Champions League Group Stage,,,,,,,,,,,
2019-20,11/30/19,Bournemouth,Premier League MW 14,,,,,,,,,,,
2019-20,12/4/19,Man United,Premier League MW 15,,,,,,,,,,,
2019-20,12/7/19,Burnley,Premier League MW 16,,,,,,,,,,,
2019-20,12/11/19,Bayern Munich,Champions League Group Stage,,,,,,,,,,,
2019-20,12/15/19,Wolves,Premier League MW 17,,,,,,,,,,,
2019-20,12/22/19,Chelsea,Premier League MW 18,,,,,,,,,,,
2019-20,12/26/19,Brighton,Premier League MW 19,,,,,,,,,,,
2019-20,12/28/19,Norwich City,Premier League MW 20,,,,,,,,,,,
2019-20,1/1/20,Southampton,Premier League MW 21,,,,,,,,,,,
2019-20,1/5/20,Middlesbrough,FA Cup Third Round,,,,,,,,,,,
2019-20,1/11/20,Liverpool,Premier League MW 22,,,,,,,,,,,
2019-20,1/14/20,Middlesbrough,FA Cup Third Round Replay,,,,,,,,,,,
2019-20,1/18/20,Watford,Premier League MW 23,,,,,,,,,,,
2019-20,1/22/20,Norwich City,Premier League MW 24,,,,,,,,,,,
2019-20,1/25/20,Southampton,FA Cup Fourth Round,,,,,,,,,,,
2019-20,2/2/20,Man City,Premier League MW 25,,,,,,,,,,,
2019-20,2/5/20,Southampton,FA Cup Fourth Round Replay,,,,,,,,,,,
2019-20,2/16/20,Aston Villa,Premier League MW 26,,,,,,,,,,,
2019-20,2/19/20,RB Leipzig,Champions League Round of 16,,,,,,,,,,,
2019-20,2/22/20,Chelsea,Premier League MW 27,,,,,,,,,,,
2019-20,3/1/20,Wolves,Premier League MW 28,,,,,,,,,,,
2019-20,3/4/20,Norwich City,FA Cup Fifth Round,,,,,,,,,,,
2019-20,3/7/20,Burnley,Premier League MW 29,,,,,,,,,,,
2019-20,3/10/20,RB Leipzig,Champions League Round of 16,,,,,,,,,,,
2019-20,6/19/20,Man United,Premier League MW 30,,,,,,,,,,,
2019-20,6/23/20,West Ham United,Premier League MW 31,,,,,,,,,,,
2019-20,7/2/20,Sheffield United,Premier League MW 32,,,,,,,,,,,
2019-20,7/6/20,Everton,Premier League MW 33,,,,,,,,,,,
2019-20,7/9/20,Bournemouth,Premier League MW 34,,,,,,,,,,,
2019-20,7/12/20,Arsenal,Premier League MW 35,,,,,,,,,,,
2019-20,7/15/20,Newcastle United,Premier League MW 36,,,,,,,,,,,
2019-20,7/19/20,Leicester City,Premier League MW 37,,,,,,,,,,,
2019-20,7/26/20,Crystal Palace,Premier League MW 38,,,,,,,,,,,
2020-21,9/13/20,Everton,Premier League MW 1,,,,,,,,,,,
2020-21,9/17/20,Lokomotiv Plovdiv,Europa League Second Qualifying Round,,,,,,,,,,,
2020-21,9/20/20,Southampton,Premier League MW 2,,,,,,,,,,,
2020-21,9/24/20,KF Shkëndija,Europa League Third Qualifying Round,,,,,,,,,,,
2020-21,9/27/20,Newcastle United,Premier League MW 3,,,,,,,,,,,
2020-21,9/29/20,Chelsea,League Cup Fourth Round,,,,,,,,,,,
2020-21,10/1/20,Maccabi Haifa,Europa League Playoff Round,,,,,,,,,,,
2020-21,10/4/20,Man United,Premier League MW 4,,,,,,,,,,,
2020-21,10/18/20,West Ham United,Premier League MW 5,,,,,,,,,,,
2020-21,10/22/20,LASK Linz,Europa League Group Stage,,,,,,,,,,,
2020-21,10/26/20,Burnley,Premier League MW 6,,,,,,,,,,,
2020-21,10/29/20,Antwerp,Europa League Group Stage,,,,,,,,,,,
2020-21,11/1/20,Brighton,Premier League MW 7,,,,,,,,,,,
2020-21,11/5/20,Ludogorets,Europa League Group Stage,,,,,,,,,,,
2020-21,11/8/20,West Brom,Premier League MW 8,,,,,,,,,,,
2020-21,11/21/20,Man City,Premier League MW 9,,,,,,,,,,,
2020-21,11/26/20,Ludogorets,Europa League Group Stage,,,,,,,,,,,
2020-21,11/29/20,Chelsea,Premier League MW 10,,,,,,,,,,,
2020-21,12/3/20,LASK Linz,Europa League Group Stage,,,,,,,,,,,
2020-21,12/6/20,Arsenal,Premier League MW 11,,,,,,,,,,,
2020-21,12/10/20,Antwerp,Europa League Group Stage,,,,,,,,,,,
2020-21,12/13/20,Crystal Palace,Premier League MW 12,,,,,,,,,,,
2020-21,12/16/20,Liverpool,Premier League MW 13,,,,,,,,,,,
2020-21,12/20/20,Leicester City,Premier League MW 14,,,,,,,,,,,
2020-21,12/23/20,Stoke City,League Cup Quarterfinals,,,,,,,,,,,
2020-21,12/27/20,Wolves,Premier League MW 15,,,,,,,,,,,
2020-21,1/2/21,Leeds United,Premier League MW 17,,,,,,,,,,,
2020-21,1/5/21,Brentford,League Cup Semifinals,,,,,,,,,,,
2020-21,1/10/21,Marine,FA Cup Third Round,,,,,,,,,,,
2020-21,1/13/21,Fulham,Premier League MW 16,,,,,,,,,,,
2020-21,1/17/21,Sheffield United,Premier League MW 19,,,,,,,,,,,
2020-21,1/25/21,Wycombe Wanderers,FA Cup Fourth Round,,,,,,,,,,,
2020-21,1/28/21,Liverpool,Premier League MW 20,,,,,,,,,,,
2020-21,1/31/21,Brighton,Premier League MW 21,,,,,,,,,,,
2020-21,2/4/21,Chelsea,Premier League MW 22,,,,,,,,,,,
2020-21,2/7/21,West Brom,Premier League MW 23,,,,,,,,,,,
2020-21,2/10/21,Everton,FA Cup Fifth Round,,,,,,,,,,,
2020-21,2/13/21,Man City,Premier League MW 24,,,,,,,,,,,
2020-21,2/18/21,Wolfsberger,Europa League Round of 32,,,,,,,,,,,
2020-21,2/21/21,West Ham United,Premier League MW 25,,,,,,,,,,,
2020-21,2/24/21,Wolfsberger,Europa League Round of 32,,,,,,,,,,,
2020-21,2/28/21,Burnley,Premier League MW 26,,,,,,,,,,,
2020-21,3/4/21,Fulham,Premier League MW 33,,,,,,,,,,,
2020-21,3/7/21,Crystal Palace,Premier League MW 27,,,,,,,,,,,
2020-21,3/11/21,Dinamo Zagreb,Europa League Round of 16,,,,,,,,,,,
2020-21,3/14/21,Arsenal,Premier League MW 28,,,,,,,,,,,
2020-21,3/18/21,Dinamo Zagreb,Europa League Round of 16,,,,,,,,,,,
2020-21,3/21/21,Aston Villa,Premier League MW 18,,,,,,,,,,,
2020-21,4/4/21,Newcastle United,Premier League MW 30,,,,,,,,,,,
2020-21,4/11/21,Man United,Premier League MW 31,,,,,,,,,,,
2020-21,4/16/21,Everton,Premier League MW 32,,,,,,,,,,,
2020-21,4/21/21,Southampton,Premier League MW 29,,,,,,,,,,,
2020-21,4/25/21,Man City,League Cup Final,,,,,,,,,,,
2020-21,5/2/21,Sheffield United,Premier League MW 34,,,,,,,,,,,
2020-21,5/8/21,Leeds United,Premier League MW 35,,,,,,,,,,,
2020-21,5/16/21,Wolves,Premier League MW 36,,,,,,,,,,,
2020-21,5/19/21,Aston Villa,Premier League MW 37,,,,,,,,,,,
2020-21,5/23/21,Leicester City,Premier League MW 38,,,,,,,,,,,
2021-22,8/15/21,Man City,Premier League MW 1,,,,,,,,,,,
2021-22,8/19/21,Paços de Ferreira,Conference League Playoff Round,,,,,,,,,,,
2021-22,8/22/21,Wolves,Premier League MW 2,,,,,,,,,,,
2021-22,8/26/21,Paços de Ferreira,Conference League Playoff Round,,,,,,,,,,,
2021-22,8/29/21,Watford,Premier League MW 3,,,,,,,,,,,
2021-22,9/11/21,Crystal Palace,Premier League MW 4,,,,,,,,,,,
2021-22,9/16/21,Rennes,Conference League Group Stage,,,,,,,,,,,
2021-22,9/19/21,Chelsea,Premier League MW 5,,,,,,,,,,,
2021-22,9/22/21,Wolves,League Cup Third Round,,,,,,,,,,,
2021-22,9/26/21,Arsenal,Premier League MW 6,,,,,,,,,,,
2021-22,9/30/21,Mura,Conference League Group Stage,,,,,,,,,,,
2021-22,10/3/21,Aston Villa,Premier League MW 7,,,,,,,,,,,
2021-22,10/17/21,Newcastle United,Premier League MW 8,,,,,,,,,,,
2021-22,10/21/21,Vitesse,Conference League Group Stage,,,,,,,,,,,
2021-22,10/24/21,West Ham United,Premier League MW 9,,,,,,,,,,,
2021-22,10/27/21,Burnley,League Cup Fourth Round,,,,,,,,,,,
2021-22,10/30/21,Man United,Premier League MW 10,,,,,,,,,,,
2021-22,11/4/21,Vitesse,Conference League Group Stage,,,,,,,,,,,
2021-22,11/7/21,Everton,Premier League MW 11,,,,,,,,,,,
2021-22,11/21/21,Leeds United,Premier League MW 12,,,,,,,,,,,
2021-22,11/25/21,Mura,Conference League Group Stage,,,,,,,,,,,
2021-22,12/2/21,Brentford,Premier League MW 14,,,,,,,,,,,
2021-22,12/5/21,Norwich City,Premier League MW 15,,,,,,,,,,,
2021-22,12/9/21,Rennes,Conference League Group Stage,,,,,,,,,,,
2021-22,12/19/21,Liverpool,Premier League MW 18,,,,,,,,,,,
2021-22,12/22/21,West Ham United,League Cup Quarterfinals,,,,,,,,,,,
2021-22,12/26/21,Crystal Palace,Premier League MW 19,,,,,,,,,,,
2021-22,12/28/21,Southampton,Premier League MW 20,,,,,,,,,,,
2021-22,1/1/22,Watford,Premier League MW 21,,,,,,,,,,,
2021-22,1/5/22,Chelsea,League Cup Semifinals,,,,,,,,,,,
2021-22,1/9/22,Morecambe,FA Cup Third Round,,,,,,,,,,,
2021-22,1/12/22,Chelsea,League Cup Semifinals,,,,,,,,,,,
2021-22,1/19/22,Leicester City,Premier League MW 17,,,,,,,,,,,
2021-22,1/23/22,Chelsea,Premier League MW 23,,,,,,,,,,,
2021-22,2/5/22,Brighton,FA Cup Fourth Round,,,,,,,,,,,
2021-22,2/9/22,Southampton,Premier League MW 24,,,,,,,,,,,
2021-22,2/13/22,Wolves,Premier League MW 25,,,,,,,,,,,
2021-22,2/19/22,Man City,Premier League MW 26,,,,,,,,,,,
2021-22,2/23/22,Burnley,Premier League MW 13,,,,,,,,,,,
2021-22,2/26/22,Leeds United,Premier League MW 27,,,,,,,,,,,
2021-22,3/1/22,Middlesbrough,FA Cup Fifth Round,,,,,,,,,,,
2021-22,3/7/22,Everton,Premier League MW 28,,,,,,,,,,,
2021-22,3/12/22,Man United,Premier League MW 29,,,,,,,,,,,
2021-22,3/16/22,Brighton,Premier League MW 16,,,,,,,,,,,
2021-22,3/20/22,West Ham United,Premier League MW 30,,,,,,,,,,,
2021-22,4/3/22,Newcastle United,Premier League MW 31,,,,,,,,,,,
2021-22,4/9/22,Aston Villa,Premier League MW 32,,,,,,,,,,,
2021-22,4/16/22,Brighton,Premier League MW 33,,,,,,,,,,,
2021-22,4/23/22,Brentford,Premier League MW 34,,,,,,,,,,,
2021-22,5/1/22,Leicester City,Premier League MW 35,,,,,,,,,,,
2021-22,5/7/22,Liverpool,Premier League MW 36,,,,,,,,,,,
2021-22,5/12/22,Arsenal,Premier League MW 22,,,,,,,,,,,
2021-22,5/15/22,Burnley,Premier League MW 37,,,,,,,,,,,
2021-22,5/22/22,Norwich City,Premier League MW 38,,,,,,,,,,,
2022-23,8/6/22,Southampton,Premier League MW 1,,,,,,,,,,,
2022-23,8/14/22,Chelsea,Premier League MW 2,,,,,,,,,,,
2022-23,8/20/22,Wolves,Premier League MW 3,,,,,,,,,,,
2022-23,8/28/22,Nottingham Forest,Premier League MW 4,,,,,,,,,,,
2022-23,8/31/22,West Ham United,Premier League MW 5,,,,,,,,,,,
2022-23,9/3/22,Fulham,Premier League MW 6,,,,,,,,,,,
2022-23,9/7/22,Marseille,Champions League Group Stage,,,,,,,,,,,
2022-23,9/13/22,Sporting CP,Champions League Group Stage,,,,,,,,,,,
2022-23,9/17/22,Leicester City,Premier League MW 8,,,,,,,,,,,
2022-23,10/1/22,Arsenal,Premier League MW 9,,,,,,,,,,,
2022-23,10/4/22,Eintracht Frankfurt,Champions League Group Stage,,,,,,,,,,,
2022-23,10/8/22,Brighton,Premier League MW 10,,,,,,,,,,,
2022-23,10/12/22,Eintracht Frankfurt,Champions League Group Stage,,,,,,,,,,,
2022-23,10/15/22,Everton,Premier League MW 11,,,,,,,,,,,
2022-23,10/19/22,Man United,Premier League MW 12,,,,,,,,,,,
2022-23,10/23/22,Newcastle United,Premier League MW 13,,,,,,,,,,,
2022-23,10/26/22,Sporting CP,Champions League Group Stage,,,,,,,,,,,
2022-23,10/29/22,Bournemouth,Premier League MW 14,,,,,,,,,,,
2022-23,11/1/22,Marseille,Champions League Group Stage,,,,,,,,,,,
2022-23,11/6/22,Liverpool,Premier League MW 15,,,,,,,,,,,
2022-23,11/9/22,Nottingham Forest,League Cup Third Round,,,,,,,,,,,
2022-23,11/12/22,Leeds United,Premier League MW 16,,,,,,,,,,,
2022-23,12/26/22,Brentford,Premier League MW 17,,,,,,,,,,,
2022-23,1/1/23,Aston Villa,Premier League MW 18,,,,,,,,,,,
2022-23,1/4/23,Crystal Palace,Premier League MW 19,,,,,,,,,,,
2022-23,1/7/23,Portsmouth,FA Cup Third Round,,,,,,,,,,,
2022-23,1/15/23,Arsenal,Premier League MW 20,,,,,,,,,,,
2022-23,1/19/23,Man City,Premier League MW 7,,,,,,,,,,,
2022-23,1/23/23,Fulham,Premier League MW 21,,,,,,,,,,,
2022-23,1/28/23,Preston North End,FA Cup Fourth Round,,,,,,,,,,,
2022-23,2/5/23,Man City,Premier League MW 22,,,,,,,,,,,
2022-23,2/11/23,Leicester City,Premier League MW 23,,,,,,,,,,,
2022-23,2/14/23,AC Milan,Champions League Round of 16,,,,,,,,,,,
2022-23,2/19/23,West Ham United,Premier League MW 24,,,,,,,,,,,
2022-23,2/26/23,Chelsea,Premier League MW 25,,,,,,,,,,,
2022-23,3/1/23,Sheffield United,FA Cup Fifth Round,,,,,,,,,,,
2022-23,3/4/23,Wolves,Premier League MW 26,,,,,,,,,,,
2022-23,3/8/23,AC Milan,Champions League Round of 16,,,,,,,,,,,
2022-23,3/11/23,Nottingham Forest,Premier League MW 27,,,,,,,,,,,
2022-23,3/18/23,Southampton,Premier League MW 28,,,,,,,,,,,
2022-23,4/3/23,Everton,Premier League MW 29,,,,,,,,,,,
2022-23,4/8/23,Brighton,Premier League MW 30,,,,,,,,,,,
2022-23,4/15/23,Bournemouth,Premier League MW 31,,,,,,,,,,,
2022-23,4/23/23,Newcastle United,Premier League MW 32,,,,,,,,,,,
2022-23,4/27/23,Man United,Premier League MW 33,,,,,,,,,,,
2022-23,4/30/23,Liverpool,Premier League MW 34,,,,,,,,,,,
2022-23,5/6/23,Crystal Palace,Premier League MW 35,,,,,,,,,,,
2022-23,5/13/23,Aston Villa,Premier League MW 36,,,,,,,,,,,
2022-23,5/20/23,Brentford,Premier League MW 37,,,,,,,,,,,
2022-23,5/28/23,Leeds United,Premier League MW 38,,,,,,,,,,,
2023-24,8/13/23,Brentford,Premier League MW 1,,,,,,,,,,,
2023-24,8/19/23,Man United,Premier League MW 2,,,,,,,,,,,
2023-24,8/26/23,Bournemouth,Premier League MW 3,,,,,,,,,,,
2023-24,8/29/23,Fulham,League Cup Second Round,,,,,,,,,,,
2023-24,9/2/23,Burnley,Premier League MW 4,,,,,,,,,,,
2023-24,9/16/23,Sheffield United,Premier League MW 5,,,,,,,,,,,
2023-24,9/24/23,Arsenal,Premier League MW 6,,,,,,,,,,,
2023-24,9/30/23,Liverpool,Premier League MW 7,,,,,,,,,,,
2023-24,10/7/23,Luton Town,Premier League MW 8,,,,,,,,,,,
2023-24,10/23/23,Fulham,Premier League MW 9,,,,,,,,,,,
2023-24,10/27/23,Crystal Palace,Premier League MW 10,,,,,,,,,,,
2023-24,11/6/23,Chelsea,Premier League MW 11,,,,,,,,,,,
2023-24,11/11/23,Wolves,Premier League MW 12,,,,,,,,,,,
2023-24,11/26/23,Aston Villa,Premier League MW 13,,,,,,,,,,,
2023-24,12/3/23,Man City,Premier League MW 14,,,,,,,,,,,
2023-24,12/7/23,West Ham United,Premier League MW 15,,,,,,,,,,,
2023-24,12/10/23,Newcastle United,Premier League MW 16,,,,,,,,,,,
2023-24,12/15/23,Nottingham Forest,Premier League MW 17,,,,,,,,,,,
2023-24,12/23/23,Everton,Premier League MW 18,,,,,,,,,,,
2023-24,12/28/23,Brighton,Premier League MW 19,,,,,,,,,,,
2023-24,12/31/23,Bournemouth,Premier League MW 20,,,,,,,,,,,
2023-24,1/5/24,Burnley,FA Cup Third Round,,,,,,,,,,,
2023-24,1/14/24,Man United,Premier League MW 21,,,,,,,,,,,
2023-24,1/26/24,Man City,FA Cup Fourth Round,,,,,,,,,,,
2023-24,1/31/24,Brentford,Premier League MW 22,,,,,,,,,,,
2023-24,2/3/24,Everton,Premier League MW 23,,,,,,,,,,,
2023-24,2/10/24,Brighton,Premier League MW 24,,,,,,,,,,,
2023-24,2/17/24,Wolves,Premier League MW 25,,,,,,,,,,,
2023-24,3/2/24,Crystal Palace,Premier League MW 27,,,,,,,,,,,
2023-24,3/10/24,Aston Villa,Premier League MW 28,,,,,,,,,,,
2023-24,3/16/24,Fulham,Premier League MW 29,,,,,,,,,,,
2023-24,3/30/24,Luton Town,Premier League MW 30,,,,,,,,,,,
2023-24,4/2/24,West Ham United,Premier League MW 31,,,,,,,,,,,
2023-24,4/7/24,Nottingham Forest,Premier League MW 32,,,,,,,,,,,
2023-24,4/13/24,Newcastle United,Premier League MW 33,,,,,,,,,,,
2023-24,4/28/24,Arsenal,Premier League MW 35,,,,,,,,,,,
2023-24,5/2/24,Chelsea,Premier League MW 26,,,,,,,,,,,
2023-24,5/5/24,Liverpool,Premier League MW 36,,,,,,,,,,,
2023-24,5/11/24,Burnley,Premier League MW 37,,,,,,,,,,,
2023-24,5/14/24,Man City,Premier League MW 34,,,,,,,,,,,
2023-24,5/19/24,Sheffield United,Premier League MW 38,,,,,,,,,,,
2024-25,8/19/24,Leicester City,Premier League MW 1,,,,,,,,,,,
2024-25,8/24/24,Everton,Premier League MW 2,,,,,,,,,,,
2024-25,9/1/24,Newcastle United,Premier League MW 3,,,,,,,,,,,
2024-25,9/15/24,Arsenal,Premier League MW 4,,,,,,,,,,,
2024-25,9/18/24,Coventry City,League Cup Third Round,,,,,,,,,,,
2024-25,9/21/24,Brentford,Premier League MW 5,,,,,,,,,,,
2024-25,9/26/24,Qarabag,Europa League League Phase,,,,,,,,,,,
2024-25,9/29/24,Man United,Premier League MW 6,,,,,,,,,,,
2024-25,10/3/24,Ferencvaros,Europa League League Phase,,,,,,,,,,,
2024-25,10/6/24,Brighton,Premier League MW 7,,,,,,,,,,,
2024-25,10/19/24,West Ham United,Premier League MW 8,,,,,,,,,,,
2024-25,10/24/24,AZ Alkmaar,Europa League League Phase,,,,,,,,,,,
2024-25,10/27/24,Crystal Palace,Premier League MW 9,,,,,,,,,,,
2024-25,10/30/24,Man City,League Cup Fourth Round,,,,,,,,,,,
2024-25,11/3/24,Aston Villa,Premier League MW 10,,,,,,,,,,,
2024-25,11/7/24,Galatasaray,Europa League League Phase,,,,,,,,,,,
2024-25,11/10/24,Ipswich Town,Premier League MW 11,,,,,,,,,,,
2024-25,11/23/24,Man City,Premier League MW 12,,,,,,,,,,,
2024-25,11/28/24,AS Roma,Europa League League Phase,,,,,,,,,,,
2024-25,12/1/24,Fulham,Premier League MW 13,,,,,,,,,,,
2024-25,12/5/24,Bournemouth,Premier League MW 14,,,,,,,,,,,
2024-25,12/8/24,Chelsea,Premier League MW 15,,,,,,,,,,,
2024-25,12/12/24,Rangers,Europa League League Phase,,,,,,,,,,,
2024-25,12/15/24,Southampton,Premier League MW 16,,,,,,,,,,,
2024-25,12/19/24,Man United,League Cup Quarterfinals,,,,,,,,,,,
2024-25,12/22/24,Liverpool,Premier League MW 17,,,,,,,,,,,
2024-25,12/26/24,Nottingham Forest,Premier League MW 18,,,,,,,,,,,
2024-25,12/29/24,Wolves,Premier League MW 19,,,,,,,,,,,
2024-25,1/4/25,Newcastle United,Premier League MW 20,,,,,,,,,,,
2024-25,1/8/25,Liverpool,League Cup Semifinals,,,,,,,,,,,
2024-25,1/12/25,Tamworth,FA Cup Third Round,,,,,,,,,,,
2024-25,1/15/25,Arsenal,Premier League MW 21,,,,,,,,,,,
2024-25,1/19/25,Everton,Premier League MW 22,,,,,,,,,,,
2024-25,1/23/25,Hoffenheim,Europa League League Phase,,,,,,,,,,,
2024-25,1/26/25,Leicester City,Premier League MW 23,,,,,,,,,,,
2024-25,1/30/25,Elfsborg,Europa League League Phase,,,,,,,,,,,
2024-25,2/2/25,Brentford,Premier League MW 24,,,,,,,,,,,
2024-25,2/6/25,Liverpool,League Cup Semifinals,,,,,,,,,,,
2024-25,2/9/25,Aston Villa,FA Cup Fourth Round,,,,,,,,,,,
2024-25,2/16/25,Man United,Premier League MW 25,,,,,,,,,,,
2024-25,2/22/25,Ipswich Town,Premier League MW 26,,,,,,,,,,,
2024-25,2/26/25,Man City,Premier League MW 27,,,,,,,,,,,
2024-25,3/6/25,AZ Alkmaar,Europa League Round of 16,,,,,,,,,,,
2024-25,3/9/25,Bournemouth,Premier League MW 28,,,,,,,,,,,
2024-25,3/13/25,AZ Alkmaar,Europa League Round of 16,,,,,,,,,,,
2024-25,3/16/25,Fulham,Premier League MW 29,,,,,,,,,,,
2024-25,4/3/25,Chelsea,Premier League MW 30,,,,,,,,,,,
2024-25,4/6/25,Southampton,Premier League MW 31,,,,,,,,,,,
2024-25,4/10/25,Eintracht Frankfurt,Europa League Quarterfinals,,,,,,,,,,,
2024-25,4/13/25,Wolves,Premier League MW 32,,,,,,,,,,,
2024-25,4/17/25,Eintracht Frankfurt,Europa League Quarterfinals,,,,,,,,,,,
2024-25,4/21/25,Nottingham Forest,Premier League MW 33,,,,,,,,,,,
2024-25,4/27/25,Liverpool,Premier League MW 34,,,,,,,,,,,
2024-25,5/1/25,Bodø/Glimt,Europa League Semifinals,,,,,,,,,,,
2024-25,5/4/25,West Ham United,Premier League MW 35,,,,,,,,,,,
2024-25,5/8/25,Bodø/Glimt,Europa League Semifinals,,,,,,,,,,,
2024-25,5/11/25,Crystal Palace,Premier League MW 36,,,,,,,,,,,
2024-25,5/16/25,Aston Villa,Premier League MW 37,,,,,,,,,,,
2024-25,5/21/25,Man United,Europa League Final,,,,,,,,,,,
2024-25,5/25/25,Brighton,Premier League MW 38,,,,,,,,,,,
2025-26,8/13/25,PSG,Super Cup,,,,,,,,,,,
2025-26,8/16/25,Burnley,Premier League MW 1,,,,,,,,,,,
2025-26,8/23/25,Man City,Premier League MW 2,,,,,,,,,,,
2025-26,8/30/25,Bournemouth,Premier League MW 3,,,,,,,,,,,
2025-26,9/13/25,West Ham United,Premier League MW 4,,,,,,,,,,,
2025-26,9/16/25,Villarreal,Champions League League Phase,,,,,,,,,,,
2025-26,9/20/25,Brighton,Premier League MW 5,,,,,,,,,,,
2025-26,9/24/25,Doncaster Rovers,League Cup Third Round,,,,,,,,,,,
2025-26,9/27/25,Wolves,Premier League MW 6,,,,,,,,,,,
2025-26,9/30/25,Bodø/Glimt,Champions League League Phase,,,,,,,,,,,
2025-26,10/4/25,Leeds United,Premier League MW 7,,,,,,,,,,,
2025-26,10/19/25,Aston Villa,Premier League MW 8,,,,,,,,,,,
2025-26,10/22/25,AS Monaco,Champions League League Phase,,,,,,,,,,,
2025-26,10/26/25,Everton,Premier League MW 9,,,,,,,,,,,
2025-26,10/29/25,Newcastle United,League Cup Fourth Round,,,,,,,,,,,
2025-26,11/1/25,Chelsea,Premier League MW 10,,,,,,,,,,,
2025-26,11/4/25,FC Copenhagen,Champions League League Phase,,,,,,,,,,,
2025-26,11/8/25,Man United,Premier League MW 11,,,,,,,,,,,
2025-26,11/23/25,Arsenal,Premier League MW 12,,,,,,,,,,,
2025-26,11/26/25,PSG,Champions League League Phase,,,,,,,,,,,
2025-26,11/29/25,Fulham,Premier League MW 13,,,,,,,,,,,
2025-26,12/2/25,Newcastle United,Premier League MW 14,,,,,,,,,,,
2025-26,12/6/25,Brentford,Premier League MW 15,,,,,,,,,,,
2025-26,12/9/25,Slavia Prague,Champions League League Phase,,,,,,,,,,,
2025-26,12/14/25,Nottingham Forest,Premier League MW 16,,,,,,,,,,,
2025-26,12/20/25,Liverpool,Premier League MW 17,,,,,,,,,,,
2025-26,12/28/25,Crystal Palace,Premier League MW 18,,,,,,,,,,,
2025-26,1/1/26,Brentford,Premier League MW 19,,,,,,,,,,,
2025-26,1/4/26,Sunderland,Premier League MW 20,,,,,,,,,,,
2025-26,1/7/26,Bournemouth,Premier League MW 21,,,,,,,,,,,
2025-26,1/10/26,Aston Villa,FA Cup Third Round,,,,,,,,,,,
2025-26,1/17/26,West Ham United,Premier League MW 22,,,,,,,,,,,
2025-26,1/20/26,Borussia Dortmund,Champions League League Phase,,,,,,,,,,,
2025-26,1/24/26,Burnley,Premier League MW 23,,,,,,,,,,,
2025-26,1/28/26,Eintracht Frankfurt,Champions League League Phase,,,,,,,,,,,
2025-26,2/1/26,Man City,Premier League MW 24,,,,,,,,,,,
2025-26,2/7/26,Man United,Premier League MW 25,,,,,,,,,,,
2025-26,2/10/26,Newcastle United,Premier League MW 26,,,,,,,,,,,
2025-26,2/22/26,Arsenal,Premier League MW 27,,,,,,,,,,,
2025-26,3/1/26,Fulham,Premier League MW 28,,,,,,,,,,,
2025-26,3/5/26,Crystal Palace,Premier League MW 29,,,,,,,,,,,
2025-26,3/10/26,Atlético Madrid,Champions League Round of 16,,,,,,,,,,,
2025-26,3/15/26,Liverpool,Premier League MW 30,,,,,,,,,,,
2025-26,3/18/26,Atlético Madrid,Champions League Round of 16,,,,,,,,,,,
2025-26,3/22/26,Nottingham Forest,Premier League MW 31,,,,,,,,,,,
2025-26,4/12/26,Sunderland,Premier League MW 32,,,,,,,,,,,
2025-26,4/18/26,Brighton,Premier League MW 33,,,,,,,,,,,
2025-26,4/25/26,Wolves,Premier League MW 34,,,,,,,,,,,
2025-26,5/3/26,Aston Villa,Premier League MW 35,,,,,,,,,,,
2025-26,5/11/26,Leeds United,Premier League MW 36,,,,,,,,,,,
2025-26,5/19/26,Chelsea,Premier League MW 37,,,,,,,,,,,
2025-26,5/24/26,Everton,Premier League MW 38,,,,,,,,,,,
2026-27,8/22/26,Brentford,Premier League MW 1,,,,,,,,,,,
2026-27,8/26/26,Charlton Athletic,League Cup Second Round,,,,,,,,,,,
2026-27,8/29/26,Newcastle United,Premier League MW 2,,,,,,,,,,,
2026-27,9/5/26,Nottingham Forest,Premier League MW 3,,,,,,,,,,,
2026-27,9/12/26,Everton,Premier League MW 4,,,,,,,,,,,
2026-27,9/15/26,Liverpool,League Cup Third Round,,,,,,,,,,,
2026-27,9/19/26,Aston Villa,Premier League MW 5,,,,,,,,,,,
2026-27,10/10/26,Man United,Premier League MW 6,,,,,,,,,,,
2026-27,10/19/26,Coventry City,Premier League MW 7,,,,,,,,,,,
2026-27,10/24/26,Chelsea,Premier League MW 8,,,,,,,,,,,
2026-27,10/31/26,Crystal Palace,Premier League MW 9,,,,,,,,,,,
2026-27,11/7/26,Leeds United,Premier League MW 10,,,,,,,,,,,
2026-27,11/21/26,Ipswich Town,Premier League MW 11,,,,,,,,,,,
2026-27,11/29/26,Sunderland,Premier League MW 12,,,,,,,,,,,
2026-27,12/2/26,Fulham,Premier League MW 13,,,,,,,,,,,
2026-27,12/5/26,Arsenal,Premier League MW 14,,,,,,,,,,,
2026-27,12/12/26,Hull City,Premier League MW 15,,,,,,,,,,,
2026-27,12/19/26,Liverpool,Premier League MW 16,,,,,,,,,,,
2026-27,12/26/26,Bournemouth,Premier League MW 17,,,,,,,,,,,
2026-27,12/29/26,Brighton,Premier League MW 18,,,,,,,,,,,
2026-27,1/3/27,Man City,Premier League MW 19,,,,,,,,,,,
2026-27,1/6/27,Fulham,Premier League MW 20,,,,,,,,,,,
2026-27,1/16/27,Leeds United,Premier League MW 21,,,,,,,,,,,
2026-27,1/23/27,Crystal Palace,Premier League MW 22,,,,,,,,,,,
2026-27,1/30/27,Sunderland,Premier League MW 23,,,,,,,,,,,
2026-27,2/6/27,Ipswich Town,Premier League MW 24,,,,,,,,,,,
2026-27,2/10/27,Man City,Premier League MW 25,,,,,,,,,,,
2026-27,2/20/27,Brighton,Premier League MW 26,,,,,,,,,,,
2026-27,2/27/27,Liverpool,Premier League MW 27,,,,,,,,,,,
2026-27,3/3/27,Bournemouth,Premier League MW 28,,,,,,,,,,,
2026-27,3/13/27,Nottingham Forest,Premier League MW 29,,,,,,,,,,,
2026-27,3/20/27,Everton,Premier League MW 30,,,,,,,,,,,
2026-27,4/10/27,Brentford,Premier League MW 31,,,,,,,,,,,
2026-27,4/17/27,Newcastle United,Premier League MW 32,,,,,,,,,,,
2026-27,4/24/27,Hull City,Premier League MW 33,,,,,,,,,,,
2026-27,5/1/27,Arsenal,Premier League MW 34,,,,,,,,,,,
2026-27,5/8/27,Chelsea,Premier League MW 35,,,,,,,,,,,
2026-27,5/15/27,Coventry City,Premier League MW 36,,,,,,,,,,,
2026-27,5/23/27,Man United,Premier League MW 37,,,,,,,,,,,
2026-27,5/30/27,Aston Villa,Premier League MW 38,,,,,,,,,,,
