Date,Day,Season,Competition,Round,Leg,Venue,Opponent,Tottenham,Them,Result,Network shown,All networks listed
2013-08-18,Sun,2013-14,Premier League,,,Away,Crystal Palace,1,0,W,NBCSN,"NBCSN, NBC Sports App"
2013-08-22,Thu,2013-14,Europa League,Playoff Round,1st,Away,Dinamo Tbilisi,5,0,W,,
2013-08-25,Sun,2013-14,Premier League,,,Home,Swansea City,1,0,W,NBCSN,"NBCSN, NBC Sports App"
2013-08-29,Thu,2013-14,Europa League,Playoff Round,2nd,Home,Dinamo Tbilisi,3,0,W,ESPN3,ESPN3
2013-09-01,Sun,2013-14,Premier League,,,Away,Arsenal,0,1,L,NBCSN,"NBCSN, NBC Sports App"
2013-09-14,Sat,2013-14,Premier League,,,Home,Norwich City,2,0,W,PL Extra Time,"PL Extra Time, NBC Sports App"
2013-09-19,Thu,2013-14,Europa League,Group Stage,,Home,Tromso,3,0,W,ESPN3,ESPN3
2013-09-22,Sun,2013-14,Premier League,,,Away,Cardiff City,1,0,W,PL Extra Time,"PL Extra Time, NBC Sports App"
2013-09-24,Tue,2013-14,League Cup,Third Round,,Away,Aston Villa,4,0,W,beIN,beIN
2013-09-28,Sat,2013-14,Premier League,,,Home,Chelsea,1,1,D,NBCSN,"NBCSN, NBC Sports App"
2013-10-03,Thu,2013-14,Europa League,Group Stage,,Away,Anzhi Makhachkala,2,0,W,FS1,"FS1, ESPN3"
2013-10-06,Sun,2013-14,Premier League,,,Home,West Ham United,0,3,L,PL Extra Time,"PL Extra Time, NBC Sports App"
2013-10-20,Sun,2013-14,Premier League,,,Away,Aston Villa,2,0,W,NBCSN,"NBCSN, NBC Sports App"
2013-10-24,Thu,2013-14,Europa League,Group Stage,,Away,Sheriff Tiraspol,2,0,W,ESPN3,ESPN3
2013-10-27,Sun,2013-14,Premier League,,,Home,Hull City,1,0,W,PL Extra Time,"PL Extra Time, NBC Sports App"
2013-10-30,Wed,2013-14,League Cup,Fourth Round,,Home,Hull City,2,2,W,,
2013-11-03,Sun,2013-14,Premier League,,,Away,Everton,0,0,D,CNBC,"CNBC, NBC Sports App"
2013-11-07,Thu,2013-14,Europa League,Group Stage,,Home,Sheriff Tiraspol,2,1,W,FS1,FS1
2013-11-10,Sun,2013-14,Premier League,,,Home,Newcastle United,0,1,L,NBCSN,"NBCSN, NBC Sports App"
2013-11-24,Sun,2013-14,Premier League,,,Away,Manchester City,0,6,L,NBCSN,"NBCSN, NBC Sports App"
2013-11-28,Thu,2013-14,Europa League,Group Stage,,Away,Tromso,2,0,W,ESPN3,ESPN3
2013-12-01,Sun,2013-14,Premier League,,,Home,Manchester United,2,2,D,NBCSN,"NBCSN, NBC Sports App"
2013-12-04,Wed,2013-14,Premier League,,,Away,Fulham,2,1,W,PL Extra Time,"PL Extra Time, NBC Sports App"
2013-12-07,Sat,2013-14,Premier League,,,Away,Sunderland,2,1,W,NBCSN,"NBCSN, NBC Sports App"
2013-12-12,Thu,2013-14,Europa League,Group Stage,,Home,Anzhi Makhachkala,4,1,W,ESPN3,ESPN3
2013-12-15,Sun,2013-14,Premier League,,,Home,Liverpool,0,5,L,NBCSN,"NBCSN, NBC Sports App"
2013-12-18,Wed,2013-14,League Cup,Quarterfinals,,Home,West Ham United,1,2,L,beIN,beIN
2013-12-22,Sun,2013-14,Premier League,,,Away,Southampton,3,2,W,NBCSN,"NBCSN, NBC Sports App"
2013-12-26,Thu,2013-14,Premier League,,,Home,West Bromwich Albion,1,1,D,PL Extra Time,"PL Extra Time, NBC Sports App"
2013-12-29,Sun,2013-14,Premier League,,,Home,Stoke City,3,0,W,PL Extra Time,"PL Extra Time, NBC Sports App"
2014-01-01,Wed,2013-14,Premier League,,,Away,Manchester United,2,1,W,NBCSN,"NBCSN, NBC Sports App"
2014-01-04,Sat,2013-14,FA Cup,Third Round,,Away,Arsenal,0,2,L,FOX,FOX
2014-01-11,Sat,2013-14,Premier League,,,Home,Crystal Palace,2,0,W,NBCSN,"NBCSN, NBC Sports App"
2014-01-19,Sun,2013-14,Premier League,,,Away,Swansea City,3,1,W,NBCSN,"NBCSN, NBC Sports App"
2014-01-29,Wed,2013-14,Premier League,,,Home,Manchester City,1,5,L,NBCSN,"NBCSN, NBC Sports App"
2014-02-01,Sat,2013-14,Premier League,,,Away,Hull City,1,1,D,PL Extra Time,"PL Extra Time, NBC Sports App"
2014-02-09,Sun,2013-14,Premier League,,,Home,Everton,1,0,W,USA Network,"USA Network, NBC Sports App"
2014-02-12,Wed,2013-14,Premier League,,,Away,Newcastle United,4,0,W,PL Extra Time,"PL Extra Time, NBC Sports App"
2014-02-20,Thu,2013-14,Europa League,Round of 32,1st,Away,Dnipro Dnipropetrovsk,0,1,L,ESPN3,ESPN3
2014-02-23,Sun,2013-14,Premier League,,,Away,Norwich City,0,1,L,NBCSN,"NBCSN, NBC Sports App"
2014-02-27,Thu,2013-14,Europa League,Round of 32,2nd,Home,Dnipro Dnipropetrovsk,3,1,W,ESPN3,ESPN3
2014-03-02,Sun,2013-14,Premier League,,,Home,Cardiff City,1,0,W,NBCSN,"NBCSN, NBC Sports App"
2014-03-08,Sat,2013-14,Premier League,,,Away,Chelsea,0,4,L,NBCSN,"NBCSN, NBC Sports App"
2014-03-13,Thu,2013-14,Europa League,Round of 16,1st,Home,Benfica,1,3,L,ESPN3,ESPN3
2014-03-16,Sun,2013-14,Premier League,,,Home,Arsenal,0,1,L,NBCSN,"NBCSN, NBC Sports App"
2014-03-20,Thu,2013-14,Europa League,Round of 16,2nd,Away,Benfica,2,2,D,ESPN3,ESPN3
2014-03-23,Sun,2013-14,Premier League,,,Home,Southampton,3,2,W,NBCSN,"NBCSN, NBC Sports App"
2014-03-30,Sun,2013-14,Premier League,,,Away,Liverpool,0,4,L,NBCSN,"NBCSN, NBC Sports App"
2014-04-07,Mon,2013-14,Premier League,,,Home,Sunderland,5,1,W,NBCSN,"NBCSN, NBC Sports App"
2014-04-12,Sat,2013-14,Premier League,,,Away,West Bromwich Albion,3,3,D,PL Extra Time,"PL Extra Time, NBC Sports App"
2014-04-19,Sat,2013-14,Premier League,,,Home,Fulham,3,1,W,NBCSN,"NBCSN, NBC Sports App"
2014-04-26,Sat,2013-14,Premier League,,,Away,Stoke City,1,0,W,PL Extra Time,"PL Extra Time, NBC Sports App"
2014-05-03,Sat,2013-14,Premier League,,,Away,West Ham United,0,2,L,NBCSN,"NBCSN, NBC Sports App"
2014-05-11,Sun,2013-14,Premier League,,,Home,Aston Villa,3,0,W,USA Network,"USA Network, NBC Sports App"
2014-08-16,Sat,2014-15,Premier League,,,Away,West Ham United,1,0,W,PL Extra Time,"PL Extra Time, NBC Sports App"
2014-08-21,Thu,2014-15,Europa League,Playoff Round,1st,Away,AEL,2,1,W,beIN,beIN
2014-08-24,Sun,2014-15,Premier League,,,Home,Queens Park Rangers,4,0,W,CNBC,"CNBC, NBC Sports App"
2014-08-28,Thu,2014-15,Europa League,Playoff Round,2nd,Home,AEL,3,0,W,beIN,beIN
2014-08-31,Sun,2014-15,Premier League,,,Home,Liverpool,0,3,L,NBCSN,"NBCSN, NBC Sports App"
2014-09-13,Sat,2014-15,Premier League,,,Away,Sunderland,2,2,D,PL Extra Time,"PL Extra Time, NBC Sports App"
2014-09-18,Thu,2014-15,Europa League,Group Stage,,Away,Partizan Belgrade,0,0,D,FS1,FS1
2014-09-21,Sun,2014-15,Premier League,,,Home,West Bromwich Albion,0,1,L,PL Extra Time,"PL Extra Time, NBC Sports App"
2014-09-24,Wed,2014-15,League Cup,Third Round,,Home,Nottingham Forest,3,1,W,,
2014-09-27,Sat,2014-15,Premier League,,,Away,Arsenal,1,1,D,NBCSN,"NBCSN, NBC Sports App"
2014-10-02,Thu,2014-15,Europa League,Group Stage,,Home,Besiktas,1,1,D,ESPN3,ESPN3
2014-10-05,Sun,2014-15,Premier League,,,Home,Southampton,1,0,W,PL Extra Time,"PL Extra Time, NBC Sports App"
2014-10-18,Sat,2014-15,Premier League,,,Away,Manchester City,1,4,L,NBCSN,"NBCSN, NBC Sports App"
2014-10-23,Thu,2014-15,Europa League,Group Stage,,Home,Asteras Tripoli,5,1,W,ESPN3,ESPN3
2014-10-26,Sun,2014-15,Premier League,,,Home,Newcastle United,1,2,L,NBCSN,"NBCSN, NBC Sports App"
2014-10-29,Wed,2014-15,League Cup,Fourth Round,,Home,Brighton & Hove Albion,2,0,W,beIN,beIN
2014-11-02,Sun,2014-15,Premier League,,,Away,Aston Villa,2,1,W,NBCSN,"NBCSN, NBC Sports App"
2014-11-06,Thu,2014-15,Europa League,Group Stage,,Away,Asteras Tripoli,2,1,W,ESPN3,ESPN3
2014-11-09,Sun,2014-15,Premier League,,,Home,Stoke City,1,2,L,NBCSN,"NBCSN, PL Extra Time, NBC Sports App"
2014-11-23,Sun,2014-15,Premier League,,,Away,Hull City,2,1,W,NBCSN,"NBCSN, NBC Sports App"
2014-11-27,Thu,2014-15,Europa League,Group Stage,,Home,Partizan Belgrade,1,0,W,ESPN3,ESPN3
2014-11-30,Sun,2014-15,Premier League,,,Home,Everton,2,1,W,NBCSN,"NBCSN, NBC Sports App"
2014-12-03,Wed,2014-15,Premier League,,,Away,Chelsea,0,3,L,NBCSN,"NBCSN, NBC Sports App"
2014-12-06,Sat,2014-15,Premier League,,,Home,Crystal Palace,0,0,D,PL Extra Time,"PL Extra Time, NBC Sports App"
2014-12-11,Thu,2014-15,Europa League,Group Stage,,Away,Besiktas,0,1,L,ESPN3,ESPN3
2014-12-14,Sun,2014-15,Premier League,,,Away,Swansea City,2,1,W,NBCSN,"NBCSN, NBC Sports App"
2014-12-17,Wed,2014-15,League Cup,Quarterfinals,,Home,Newcastle United,4,0,W,beIN,beIN
2014-12-20,Sat,2014-15,Premier League,,,Home,Burnley,2,1,W,PL Extra Time,"PL Extra Time, NBC Sports App"
2014-12-26,Fri,2014-15,Premier League,,,Away,Leicester City,2,1,W,PL Extra Time,"PL Extra Time, NBC Sports App"
2014-12-28,Sun,2014-15,Premier League,,,Home,Manchester United,0,0,D,NBCSN,"NBCSN, NBC Sports App"
2015-01-01,Thu,2014-15,Premier League,,,Home,Chelsea,5,3,W,NBCSN,"NBCSN, NBC Sports App"
2015-01-05,Mon,2014-15,FA Cup,Third Round,,Away,Burnley,1,1,D,,
2015-01-10,Sat,2014-15,Premier League,,,Away,Crystal Palace,1,2,L,NBC,"NBC, NBC Sports App"
2015-01-14,Wed,2014-15,FA Cup,Third Round Replay,,Home,Burnley,4,2,W,,
2015-01-17,Sat,2014-15,Premier League,,,Home,Sunderland,2,1,W,PL Extra Time,"PL Extra Time, NBC Sports App"
2015-01-21,Wed,2014-15,League Cup,Semifinals,1st,Home,Sheffield United,1,0,W,beIN,beIN
2015-01-24,Sat,2014-15,FA Cup,Fourth Round,,Home,Leicester City,1,2,L,,
2015-01-28,Wed,2014-15,League Cup,Semifinals,2nd,Away,Sheffield United,2,2,D,,
2015-01-31,Sat,2014-15,Premier League,,,Away,West Bromwich Albion,3,0,W,PL Extra Time,"PL Extra Time, NBC Sports App"
2015-02-07,Sat,2014-15,Premier League,,,Home,Arsenal,2,1,W,NBCSN,"NBCSN, NBC Sports App"
2015-02-10,Tue,2014-15,Premier League,,,Away,Liverpool,2,3,L,NBCSN,"NBCSN, NBC Sports App"
2015-02-19,Thu,2014-15,Europa League,Round of 32,1st,Home,Fiorentina,1,1,D,FOX Soccer Plus,FOX Soccer Plus
2015-02-22,Sun,2014-15,Premier League,,,Home,West Ham United,2,2,D,NBCSN,"NBCSN, NBC Sports App"
2015-02-26,Thu,2014-15,Europa League,Round of 32,2nd,Away,Fiorentina,0,2,L,FS2,"FS2, ESPN3"
2015-03-01,Sun,2014-15,League Cup,Final,,Neutral,Chelsea,0,2,L,beIN,beIN
2015-03-04,Wed,2014-15,Premier League,,,Home,Swansea City,3,2,W,PL Extra Time,"PL Extra Time, NBC Sports App"
2015-03-07,Sat,2014-15,Premier League,,,Away,Queens Park Rangers,2,1,W,NBCSN,"NBCSN, NBC Sports App"
2015-03-15,Sun,2014-15,Premier League,,,Away,Manchester United,0,3,L,NBCSN,"NBCSN, NBC Sports App"
2015-03-21,Sat,2014-15,Premier League,,,Home,Leicester City,4,3,W,PL Extra Time,"PL Extra Time, NBC Sports App"
2015-04-05,Sun,2014-15,Premier League,,,Away,Burnley,0,0,D,NBCSN,"NBCSN, NBC Sports App"
2015-04-11,Sat,2014-15,Premier League,,,Home,Aston Villa,0,1,L,NBCSN,"NBCSN, NBC Sports App"
2015-04-19,Sun,2014-15,Premier League,,,Away,Newcastle United,3,1,W,CNBC,"CNBC, NBC Sports App"
2015-04-25,Sat,2014-15,Premier League,,,Away,Southampton,2,2,D,NBCSN,"NBCSN, NBC Sports App"
2015-05-03,Sun,2014-15,Premier League,,,Home,Manchester City,0,1,L,NBCSN,"NBCSN, NBC Sports App"
2015-05-09,Sat,2014-15,Premier League,,,Away,Stoke City,0,3,L,PL Extra Time,"PL Extra Time, NBC Sports App"
2015-05-16,Sat,2014-15,Premier League,,,Home,Hull City,2,0,W,PL Extra Time,"PL Extra Time, NBC Sports App"
2015-05-24,Sun,2014-15,Premier League,,,Away,Everton,1,0,W,CNBC,"CNBC, NBC Sports App"
2015-08-08,Sat,2015-16,Premier League,,,Away,Manchester United,0,1,L,NBCSN,"NBCSN, NBC Sports App"
2015-08-15,Sat,2015-16,Premier League,,,Home,Stoke City,2,2,D,NBCSN,"NBCSN, NBC Sports App"
2015-08-22,Sat,2015-16,Premier League,,,Away,Leicester City,1,1,D,NBCSN,"NBCSN, NBC Sports App"
2015-08-29,Sat,2015-16,Premier League,,,Home,Everton,0,0,D,NBC,"NBC, NBC Sports App"
2015-09-13,Sun,2015-16,Premier League,,,Away,Sunderland,1,0,W,NBCSN,"NBCSN, NBC Sports App"
2015-09-17,Thu,2015-16,Europa League,Group Stage,,Home,FK Qarabag,3,1,W,FS1,FS1
2015-09-20,Sun,2015-16,Premier League,,,Home,Crystal Palace,1,0,W,USA Network,"USA Network, NBC Sports App"
2015-09-23,Wed,2015-16,League Cup,Third Round,,Home,Arsenal,1,2,L,beIN,beIN
2015-09-26,Sat,2015-16,Premier League,,,Home,Manchester City,4,1,W,NBCSN,"NBCSN, NBC Sports App"
2015-10-01,Thu,2015-16,Europa League,Group Stage,,Away,AS Monaco,1,1,D,ESPN3,ESPN3
2015-10-04,Sun,2015-16,Premier League,,,Away,Swansea City,2,2,D,PL Extra Time,"PL Extra Time, NBC Sports App"
2015-10-17,Sat,2015-16,Premier League,,,Home,Liverpool,0,0,D,NBCSN,"NBCSN, NBC Sports App"
2015-10-22,Thu,2015-16,Europa League,Group Stage,,Away,Anderlecht,1,2,L,FS1,FS1
2015-10-25,Sun,2015-16,Premier League,,,Away,AFC Bournemouth,5,1,W,PL Extra Time,"PL Extra Time, NBC Sports App"
2015-11-02,Mon,2015-16,Premier League,,,Home,Aston Villa,3,1,W,NBCSN,"NBCSN, NBC Sports App"
2015-11-05,Thu,2015-16,Europa League,Group Stage,,Home,Anderlecht,2,1,W,ESPN3,ESPN3
2015-11-08,Sun,2015-16,Premier League,,,Away,Arsenal,1,1,D,NBCSN,"NBCSN, NBC Sports App"
2015-11-22,Sun,2015-16,Premier League,,,Home,West Ham United,4,1,W,NBCSN,"NBCSN, NBC Sports App"
2015-11-26,Thu,2015-16,Europa League,Group Stage,,Away,FK Qarabag,1,0,W,FS1,FS1
2015-11-29,Sun,2015-16,Premier League,,,Home,Chelsea,0,0,D,USA Network,"USA Network, NBC Sports App"
2015-12-05,Sat,2015-16,Premier League,,,Away,West Bromwich Albion,1,1,D,PL Extra Time,"PL Extra Time, NBC Sports App"
2015-12-10,Thu,2015-16,Europa League,Group Stage,,Home,AS Monaco,4,1,W,,
2015-12-13,Sun,2015-16,Premier League,,,Home,Newcastle United,1,2,L,PL Extra Time,PL Extra Time
2015-12-19,Sat,2015-16,Premier League,,,Away,Southampton,2,0,W,PL Extra Time,"PL Extra Time, NBC Sports App"
2015-12-26,Sat,2015-16,Premier League,,,Home,Norwich City,3,0,W,PL Extra Time,"PL Extra Time, NBC Sports App"
2015-12-28,Mon,2015-16,Premier League,,,Away,Watford,2,1,W,NBCSN,"NBCSN, NBC Sports App"
2016-01-03,Sun,2015-16,Premier League,,,Away,Everton,1,1,D,NBCSN,"NBCSN, NBC Sports App"
2016-01-10,Sun,2015-16,FA Cup,Third Round,,Home,Leicester City,2,2,D,FS1,FS1
2016-01-13,Wed,2015-16,Premier League,,,Home,Leicester City,0,1,L,PL Extra Time,"PL Extra Time, NBC Sports App"
2016-01-16,Sat,2015-16,Premier League,,,Home,Sunderland,4,1,W,NBCSN,"NBCSN, NBC Sports App"
2016-01-20,Wed,2015-16,FA Cup,Third Round Replay,,Away,Leicester City,2,0,W,FS1,FS1
2016-01-23,Sat,2015-16,Premier League,,,Away,Crystal Palace,3,1,W,USA Network,"USA Network, NBC Sports App"
2016-01-30,Sat,2015-16,FA Cup,Fourth Round,,Away,Colchester United,4,1,W,FS1,FS1
2016-02-02,Tue,2015-16,Premier League,,,Away,Norwich City,3,0,W,PL Extra Time,PL Extra Time
2016-02-06,Sat,2015-16,Premier League,,,Home,Watford,1,0,W,NBCSN,"NBCSN, NBC Sports App"
2016-02-14,Sun,2015-16,Premier League,,,Away,Manchester City,2,1,W,NBCSN,"NBCSN, NBC Sports App"
2016-02-18,Thu,2015-16,Europa League,Round of 32,1st,Away,Fiorentina,1,1,D,ESPN3,ESPN3
2016-02-21,Sun,2015-16,FA Cup,Fifth Round,,Home,Crystal Palace,0,1,L,,
2016-02-25,Thu,2015-16,Europa League,Round of 32,2nd,Home,Fiorentina,3,0,W,FS2,"FS2, ESPN3"
2016-02-28,Sun,2015-16,Premier League,,,Home,Swansea City,2,1,W,PL Extra Time,"PL Extra Time, NBC Sports App"
2016-03-02,Wed,2015-16,Premier League,,,Away,West Ham United,0,1,L,PL Extra Time,"PL Extra Time, NBC Sports App"
2016-03-05,Sat,2015-16,Premier League,,,Home,Arsenal,2,2,D,NBCSN,"NBCSN, NBC Sports App"
2016-03-10,Thu,2015-16,Europa League,Round of 16,1st,Away,Borussia Dortmund,0,3,L,FS2,FS2
2016-03-13,Sun,2015-16,Premier League,,,Away,Aston Villa,2,0,W,NBCSN,NBCSN
2016-03-17,Thu,2015-16,Europa League,Round of 16,2nd,Home,Borussia Dortmund,1,2,L,FS2,FS2
2016-03-20,Sun,2015-16,Premier League,,,Home,AFC Bournemouth,3,0,W,PL Extra Time,PL Extra Time
2016-04-02,Sat,2015-16,Premier League,,,Away,Liverpool,1,1,D,NBC,"NBC, NBC Sports App"
2016-04-10,Sun,2015-16,Premier League,,,Home,Manchester United,3,0,W,NBCSN,"NBCSN, NBC Sports App"
2016-04-18,Mon,2015-16,Premier League,,,Away,Stoke City,4,0,W,NBCSN,"NBCSN, NBC Sports App"
2016-04-25,Mon,2015-16,Premier League,,,Home,West Bromwich Albion,1,1,D,NBCSN,"NBCSN, NBC Sports App"
2016-05-02,Mon,2015-16,Premier League,,,Away,Chelsea,2,2,D,NBCSN,"NBCSN, NBC Sports App"
2016-05-08,Sun,2015-16,Premier League,,,Home,Southampton,1,2,L,NBCSN,"NBCSN, NBC Sports App"
2016-05-15,Sun,2015-16,Premier League,,,Away,Newcastle United,1,5,L,USA Network,"USA Network, NBC Sports App"
2016-08-13,Sat,2016-17,Premier League,,,Away,Everton,1,1,D,NBC,NBC
2016-08-20,Sat,2016-17,Premier League,,,Home,Crystal Palace,1,0,W,NBC,NBC
2016-08-27,Sat,2016-17,Premier League,,,Home,Liverpool,1,1,D,NBC,NBC
2016-09-10,Sat,2016-17,Premier League,,,Away,Stoke City,4,0,W,NBC,NBC
2016-09-14,Wed,2016-17,Champions League,Group Stage,,Home,AS Monaco,1,2,L,ESPN3,ESPN3
2016-09-18,Sun,2016-17,Premier League,,,Home,Sunderland,1,0,W,NBC,"NBC, NBCSN"
2016-09-21,Wed,2016-17,League Cup,Third Round,,Home,Gillingham,5,0,W,beIN,beIN
2016-09-24,Sat,2016-17,Premier League,,,Away,Middlesbrough,2,1,W,NBC,NBC
2016-09-27,Tue,2016-17,Champions League,Group Stage,,Away,CSKA Moscow,1,0,W,FS2,FS2
2016-10-02,Sun,2016-17,Premier League,,,Home,Manchester City,2,0,W,NBC,"NBC, NBCSN"
2016-10-15,Sat,2016-17,Premier League,,,Away,West Bromwich Albion,1,1,D,NBC,NBC
2016-10-18,Tue,2016-17,Champions League,Group Stage,,Away,Bayer Leverkusen,0,0,D,FS1,FS1
2016-10-22,Sat,2016-17,Premier League,,,Away,AFC Bournemouth,0,0,D,NBC,"NBC, NBCSN"
2016-10-25,Tue,2016-17,League Cup,Fourth Round,,Away,Liverpool,1,2,L,beIN,beIN
2016-10-29,Sat,2016-17,Premier League,,,Home,Leicester City,1,1,D,NBC,NBC
2016-11-02,Wed,2016-17,Champions League,Group Stage,,Home,Bayer Leverkusen,0,1,L,FS1,"FS1, ESPN3"
2016-11-06,Sun,2016-17,Premier League,,,Away,Arsenal,1,1,D,NBC,"NBC, NBCSN"
2016-11-19,Sat,2016-17,Premier League,,,Home,West Ham United,3,2,W,NBC,NBC
2016-11-22,Tue,2016-17,Champions League,Group Stage,,Away,AS Monaco,1,2,L,FS1,FS1
2016-11-26,Sat,2016-17,Premier League,,,Away,Chelsea,1,2,L,NBC,NBC
2016-12-03,Sat,2016-17,Premier League,,,Home,Swansea City,5,0,W,NBCSN,NBCSN
2016-12-07,Wed,2016-17,Champions League,Group Stage,,Home,CSKA Moscow,3,1,W,FS2,FS2
2016-12-11,Sun,2016-17,Premier League,,,Away,Manchester United,0,1,L,NBCSN,NBCSN
2016-12-14,Wed,2016-17,Premier League,,,Home,Hull City,3,0,W,PL Extra Time,"PL Extra Time, NBC Sports App"
2016-12-18,Sun,2016-17,Premier League,,,Home,Burnley,2,1,W,CNBC,"CNBC, NBC Sports App"
2016-12-28,Wed,2016-17,Premier League,,,Away,Southampton,4,1,W,NBCSN,NBCSN
2017-01-01,Sun,2016-17,Premier League,,,Away,Watford,4,1,W,NBCSN,NBCSN
2017-01-04,Wed,2016-17,Premier League,,,Home,Chelsea,2,0,W,NBCSN,NBCSN
2017-01-08,Sun,2016-17,FA Cup,Third Round,,Home,Aston Villa,2,0,W,FS1,FS1
2017-01-14,Sat,2016-17,Premier League,,,Home,West Bromwich Albion,4,0,W,NBCSN,NBCSN
2017-01-21,Sat,2016-17,Premier League,,,Away,Manchester City,2,2,D,NBC,NBC
2017-01-28,Sat,2016-17,FA Cup,Fourth Round,,Home,Wycombe Wanderers,4,3,W,FOX Soccer Plus,FOX Soccer Plus
2017-01-31,Tue,2016-17,Premier League,,,Away,Sunderland,0,0,D,PL Extra Time,"PL Extra Time, NBC Sports App"
2017-02-04,Sat,2016-17,Premier League,,,Home,Middlesbrough,1,0,W,NBC,NBC
2017-02-11,Sat,2016-17,Premier League,,,Away,Liverpool,0,2,L,NBC,NBC
2017-02-16,Thu,2016-17,Europa League,Round of 32,1st,Away,KAA Gent,0,1,L,FS1,FS1
2017-02-19,Sun,2016-17,FA Cup,Fifth Round,,Away,Fulham,3,0,W,FS1,FS1
2017-02-23,Thu,2016-17,Europa League,Round of 32,2nd,Home,KAA Gent,2,2,D,FS2,FS2
2017-02-26,Sun,2016-17,Premier League,,,Home,Stoke City,4,0,W,NBCSN,NBCSN
2017-03-05,Sun,2016-17,Premier League,,,Home,Everton,3,2,W,NBCSN,NBCSN
2017-03-12,Sun,2016-17,FA Cup,Quarterfinals,,Home,Millwall,6,0,W,FS1,FS1
2017-03-19,Sun,2016-17,Premier League,,,Home,Southampton,2,1,W,NBCSN,NBCSN
2017-04-01,Sat,2016-17,Premier League,,,Away,Burnley,2,0,W,NBC,NBC
2017-04-05,Wed,2016-17,Premier League,,,Away,Swansea City,3,1,W,NBC,NBC
2017-04-08,Sat,2016-17,Premier League,,,Home,Watford,4,0,W,NBCSN,NBCSN
2017-04-15,Sat,2016-17,Premier League,,,Home,AFC Bournemouth,4,0,W,NBCSN,NBCSN
2017-04-22,Sat,2016-17,FA Cup,Semifinals,,Neutral,Chelsea,2,4,L,FOX,FOX
2017-04-26,Wed,2016-17,Premier League,,,Away,Crystal Palace,1,0,W,NBCSN,NBCSN
2017-04-30,Sun,2016-17,Premier League,,,Home,Arsenal,2,0,W,NBCSN,NBCSN
2017-05-05,Fri,2016-17,Premier League,,,Away,West Ham United,0,1,L,NBCSN,NBCSN
2017-05-14,Sun,2016-17,Premier League,,,Home,Manchester United,2,1,W,NBCSN,NBCSN
2017-05-18,Thu,2016-17,Premier League,,,Away,Leicester City,6,1,W,NBCSN,NBCSN
2017-05-21,Sun,2016-17,Premier League,,,Away,Hull City,7,1,W,NBC,NBC
2017-08-13,Sun,2017-18,Premier League,,,Away,Newcastle United,2,0,W,NBCSN,NBCSN
2017-08-20,Sun,2017-18,Premier League,,,Home,Chelsea,1,2,L,NBCSN,NBCSN
2017-08-27,Sun,2017-18,Premier League,,,Home,Burnley,1,1,D,NBC Sports Gold,NBC Sports Gold
2017-09-09,Sat,2017-18,Premier League,,,Away,Everton,3,0,W,CNBC,CNBC
2017-09-13,Wed,2017-18,Champions League,Group Stage,,Home,Borussia Dortmund,3,1,W,ESPN3,ESPN3
2017-09-16,Sat,2017-18,Premier League,,,Home,Swansea City,0,0,D,NBC,NBC
2017-09-19,Tue,2017-18,League Cup,Third Round,,Home,Barnsley,1,0,W,,
2017-09-23,Sat,2017-18,Premier League,,,Away,West Ham United,3,2,W,NBCSN,NBCSN
2017-09-26,Tue,2017-18,Champions League,Group Stage,,Away,Apoel Nicosia,3,0,W,ESPN3,ESPN3
2017-09-30,Sat,2017-18,Premier League,,,Away,Huddersfield Town,4,0,W,NBCSN,NBCSN
2017-10-14,Sat,2017-18,Premier League,,,Home,AFC Bournemouth,1,0,W,CNBC,CNBC
2017-10-17,Tue,2017-18,Champions League,Group Stage,,Away,Real Madrid,1,1,D,FS2,FS2
2017-10-22,Sun,2017-18,Premier League,,,Home,Liverpool,4,1,W,NBCSN,NBCSN
2017-10-25,Wed,2017-18,League Cup,Fourth Round,,Home,West Ham United,2,3,L,ESPN3,ESPN3
2017-10-28,Sat,2017-18,Premier League,,,Away,Manchester United,0,1,L,NBCSN,NBCSN
2017-11-01,Wed,2017-18,Champions League,Group Stage,,Home,Real Madrid,3,1,W,ESPN3,ESPN3
2017-11-05,Sun,2017-18,Premier League,,,Home,Crystal Palace,1,0,W,NBCSN,NBCSN
2017-11-18,Sat,2017-18,Premier League,,,Away,Arsenal,0,2,L,NBCSN,NBCSN
2017-11-21,Tue,2017-18,Champions League,Group Stage,,Away,Borussia Dortmund,2,1,W,ESPN3,ESPN3
2017-11-25,Sat,2017-18,Premier League,,,Home,West Bromwich Albion,1,1,D,CNBC,CNBC
2017-11-28,Tue,2017-18,Premier League,,,Away,Leicester City,1,2,L,NBCSN,NBCSN
2017-12-02,Sat,2017-18,Premier League,,,Away,Watford,1,1,D,CNBC,CNBC
2017-12-06,Wed,2017-18,Champions League,Group Stage,,Home,Apoel Nicosia,3,0,W,ESPN3,ESPN3
2017-12-09,Sat,2017-18,Premier League,,,Home,Stoke City,5,1,W,NBCSN,NBCSN
2017-12-13,Wed,2017-18,Premier League,,,Home,Brighton & Hove Albion,2,0,W,NBC Sports Gold,NBC Sports Gold
2017-12-16,Sat,2017-18,Premier League,,,Away,Manchester City,1,4,L,NBC,NBC
2017-12-23,Sat,2017-18,Premier League,,,Away,Burnley,3,0,W,NBC,NBC
2017-12-26,Tue,2017-18,Premier League,,,Home,Southampton,5,2,W,NBCSN,NBCSN
2018-01-02,Tue,2017-18,Premier League,,,Away,Swansea City,2,0,W,NBCSN,NBCSN
2018-01-04,Thu,2017-18,Premier League,,,Home,West Ham United,1,1,D,NBCSN,NBCSN
2018-01-07,Sun,2017-18,FA Cup,Third Round,,Home,AFC Wimbledon,3,0,W,,
2018-01-13,Sat,2017-18,Premier League,,,Home,Everton,4,0,W,NBC,NBC
2018-01-21,Sun,2017-18,Premier League,,,Away,Southampton,1,1,D,NBCSN,NBCSN
2018-01-27,Sat,2017-18,FA Cup,Fourth Round,,Away,Newport County,1,1,D,FS1,FS1
2018-01-31,Wed,2017-18,Premier League,,,Home,Manchester United,2,0,W,NBCSN,NBCSN
2018-02-04,Sun,2017-18,Premier League,,,Away,Liverpool,2,2,D,NBCSN,NBCSN
2018-02-07,Wed,2017-18,FA Cup,Fourth Round Replay,,Home,Newport County,2,0,W,FS1,FS1
2018-02-10,Sat,2017-18,Premier League,,,Home,Arsenal,1,0,W,CNBC,CNBC
2018-02-13,Tue,2017-18,Champions League,Round of 16,1st,Away,Juventus,2,2,D,ESPN3,ESPN3
2018-02-18,Sun,2017-18,FA Cup,Fifth Round,,Away,Rochdale,2,2,D,FS1,FS1
2018-02-25,Sun,2017-18,Premier League,,,Away,Crystal Palace,1,0,W,NBCSN,NBCSN
2018-02-28,Wed,2017-18,FA Cup,Fifth Round Replay,,Home,Rochdale,6,1,W,FS1,FS1
2018-03-03,Sat,2017-18,Premier League,,,Home,Huddersfield Town,2,0,W,NBCSN,NBCSN
2018-03-07,Wed,2017-18,Champions League,Round of 16,2nd,Home,Juventus,1,2,L,FS1,FS1
2018-03-11,Sun,2017-18,Premier League,,,Away,AFC Bournemouth,4,1,W,NBCSN,NBCSN
2018-03-17,Sat,2017-18,FA Cup,Quarterfinals,,Away,Swansea City,3,0,W,FS1,FS1
2018-04-01,Sun,2017-18,Premier League,,,Away,Chelsea,3,1,W,NBCSN,NBCSN
2018-04-07,Sat,2017-18,Premier League,,,Away,Stoke City,2,1,W,NBC Sports Gold,NBC Sports Gold
2018-04-14,Sat,2017-18,Premier League,,,Home,Manchester City,1,3,L,NBCSN,NBCSN
2018-04-17,Tue,2017-18,Premier League,,,Away,Brighton & Hove Albion,1,1,D,NBCSN,NBCSN
2018-04-21,Sat,2017-18,FA Cup,Semifinals,,Neutral,Manchester United,1,2,L,FOX,FOX
2018-04-30,Mon,2017-18,Premier League,,,Home,Watford,2,0,W,NBCSN,NBCSN
2018-05-05,Sat,2017-18,Premier League,,,Away,West Bromwich Albion,0,1,L,CNBC,CNBC
2018-05-09,Wed,2017-18,Premier League,,,Home,Newcastle United,1,0,W,NBC Sports Gold,NBC Sports Gold
2018-05-13,Sun,2017-18,Premier League,,,Home,Leicester City,5,4,W,NBC,NBC
2018-08-11,Sat,2018-19,Premier League,,,Away,Newcastle United,2,1,W,NBCSN,NBCSN
2018-08-18,Sat,2018-19,Premier League,,,Home,Fulham,3,1,W,NBCSN,NBCSN
2018-08-27,Mon,2018-19,Premier League,,,Away,Manchester United,3,0,W,NBCSN,NBCSN
2018-09-02,Sun,2018-19,Premier League,,,Away,Watford,1,2,L,NBC Sports Gold,NBC Sports Gold
2018-09-15,Sat,2018-19,Premier League,,,Home,Liverpool,1,2,L,NBCSN,NBCSN
2018-09-18,Tue,2018-19,Champions League,Group Stage,,Away,Internazionale,1,2,L,B/R Live,B/R Live
2018-09-22,Sat,2018-19,Premier League,,,Away,Brighton & Hove Albion,2,1,W,NBC,NBC
2018-09-26,Wed,2018-19,League Cup,Third Round,,Home,Watford,2,2,W,ESPN+,ESPN+
2018-09-29,Sat,2018-19,Premier League,,,Away,Huddersfield Town,2,0,W,CNBC,CNBC
2018-10-03,Wed,2018-19,Champions League,Group Stage,,Home,Barcelona,2,4,L,B/R Live,B/R Live
2018-10-06,Sat,2018-19,Premier League,,,Home,Cardiff City,1,0,W,NBCSN,NBCSN
2018-10-20,Sat,2018-19,Premier League,,,Away,West Ham United,1,0,W,NBCSN,NBCSN
2018-10-24,Wed,2018-19,Champions League,Group Stage,,Away,PSV Eindhoven,2,2,D,B/R Live,B/R Live
2018-10-29,Mon,2018-19,Premier League,,,Home,Manchester City,0,1,L,NBCSN,NBCSN
2018-10-31,Wed,2018-19,League Cup,Fourth Round,,Away,West Ham United,3,1,W,ESPN+,ESPN+
2018-11-03,Sat,2018-19,Premier League,,,Away,Wolverhampton Wanderers,3,2,W,NBCSN,NBCSN
2018-11-06,Tue,2018-19,Champions League,Group Stage,,Home,PSV Eindhoven,2,1,W,B/R Live,B/R Live
2018-11-10,Sat,2018-19,Premier League,,,Away,Crystal Palace,1,0,W,NBC,NBC
2018-11-24,Sat,2018-19,Premier League,,,Home,Chelsea,3,1,W,NBC,NBC
2018-11-28,Wed,2018-19,Champions League,Group Stage,,Home,Internazionale,1,0,W,TNT,TNT
2018-12-02,Sun,2018-19,Premier League,,,Away,Arsenal,2,4,L,NBCSN,NBCSN
2018-12-05,Wed,2018-19,Premier League,,,Home,Southampton,3,1,W,NBC Sports Gold,NBC Sports Gold
2018-12-08,Sat,2018-19,Premier League,,,Away,Leicester City,2,0,W,NBCSN,NBCSN
2018-12-11,Tue,2018-19,Champions League,Group Stage,,Away,Barcelona,1,1,D,B/R Live,B/R Live
2018-12-15,Sat,2018-19,Premier League,,,Home,Burnley,1,0,W,NBCSN,NBCSN
2018-12-19,Wed,2018-19,League Cup,Fifth Round,,Away,Arsenal,2,0,W,ESPN+,ESPN+
2018-12-23,Sun,2018-19,Premier League,,,Away,Everton,6,2,W,NBCSN,NBCSN
2018-12-26,Wed,2018-19,Premier League,,,Home,AFC Bournemouth,5,0,W,NBC Sports Gold,NBC Sports Gold
2018-12-29,Sat,2018-19,Premier League,,,Home,Wolverhampton Wanderers,1,3,L,NBCSN,NBCSN
2019-01-01,Tue,2018-19,Premier League,,,Away,Cardiff City,3,0,W,NBCSN,NBCSN
2019-01-04,Fri,2018-19,FA Cup,Third Round,,Away,Tranmere Rovers,7,0,W,ESPN+,ESPN+
2019-01-08,Tue,2018-19,League Cup,Semifinals,1st,Home,Chelsea,1,0,W,ESPN+,ESPN+
2019-01-13,Sun,2018-19,Premier League,,,Home,Manchester United,0,1,L,NBCSN,NBCSN
2019-01-20,Sun,2018-19,Premier League,,,Away,Fulham,2,1,W,NBCSN,NBCSN
2019-01-24,Thu,2018-19,League Cup,Semifinals,2nd,Away,Chelsea,1,2,L,ESPN+,ESPN+
2019-01-27,Sun,2018-19,FA Cup,Fourth Round,,Away,Crystal Palace,0,2,L,ESPN+,ESPN+
2019-01-30,Wed,2018-19,Premier League,,,Home,Watford,2,1,W,NBC Sports Gold,NBC Sports Gold
2019-02-02,Sat,2018-19,Premier League,,,Home,Newcastle United,1,0,W,NBCSN,NBCSN
2019-02-10,Sun,2018-19,Premier League,,,Home,Leicester City,3,1,W,NBCSN,NBCSN
2019-02-13,Wed,2018-19,Champions League,Round of 16,1st,Home,Borussia Dortmund,3,0,W,B/R Live,B/R Live
2019-02-23,Sat,2018-19,Premier League,,,Away,Burnley,1,2,L,NBCSN,NBCSN
2019-02-27,Wed,2018-19,Premier League,,,Away,Chelsea,0,2,L,NBCSN,NBCSN
2019-03-02,Sat,2018-19,Premier League,,,Home,Arsenal,1,1,D,NBCSN,NBCSN
2019-03-05,Tue,2018-19,Champions League,Round of 16,2nd,Away,Borussia Dortmund,1,0,W,B/R Live,B/R Live
2019-03-09,Sat,2018-19,Premier League,,,Away,Southampton,1,2,L,NBCSN,NBCSN
2019-03-31,Sun,2018-19,Premier League,,,Away,Liverpool,1,2,L,NBCSN,NBCSN
2019-04-03,Wed,2018-19,Premier League,,,Home,Crystal Palace,2,0,W,NBCSN,NBCSN
2019-04-09,Tue,2018-19,Champions League,Quarterfinals,1st,Home,Manchester City,1,0,W,TNT,TNT
2019-04-13,Sat,2018-19,Premier League,,,Home,Huddersfield Town,4,0,W,NBCSN,NBCSN
2019-04-17,Wed,2018-19,Champions League,Quarterfinals,2nd,Away,Manchester City,3,4,L,B/R Live,B/R Live
2019-04-20,Sat,2018-19,Premier League,,,Away,Manchester City,0,1,L,NBCSN,NBCSN
2019-04-23,Tue,2018-19,Premier League,,,Home,Brighton & Hove Albion,1,0,W,NBCSN,NBCSN
2019-04-27,Sat,2018-19,Premier League,,,Home,West Ham United,0,1,L,NBCSN,NBCSN
2019-04-30,Tue,2018-19,Champions League,Semifinals,1st,Home,Ajax Amsterdam,0,1,L,B/R Live,B/R Live
2019-05-04,Sat,2018-19,Premier League,,,Away,AFC Bournemouth,0,1,L,NBCSN,NBCSN
2019-05-08,Wed,2018-19,Champions League,Semifinals,2nd,Away,Ajax Amsterdam,3,2,W,B/R Live,B/R Live
2019-05-12,Sun,2018-19,Premier League,,,Home,Everton,2,2,D,NBC,NBC
2019-06-01,Sat,2018-19,Champions League,Final,,Neutral,Liverpool,0,2,L,B/R Live,B/R Live
2019-08-10,Sat,2019-20,Premier League,,,Home,Aston Villa,3,1,W,NBC,NBC
2019-08-17,Sat,2019-20,Premier League,,,Away,Manchester City,2,2,D,NBC,NBC
2019-08-25,Sun,2019-20,Premier League,,,Home,Newcastle United,0,1,L,NBCSN,NBCSN
2019-09-01,Sun,2019-20,Premier League,,,Away,Arsenal,2,2,D,NBCSN,NBCSN
2019-09-14,Sat,2019-20,Premier League,,,Home,Crystal Palace,4,0,W,NBCSN,NBCSN
2019-09-18,Wed,2019-20,Champions League,Group Stage,,Away,Olympiacos,2,2,D,B/R Live,B/R Live
2019-09-21,Sat,2019-20,Premier League,,,Away,Leicester City,1,2,L,NBCSN,NBCSN
2019-09-24,Tue,2019-20,League Cup,Third Round,,Away,Colchester United,0,0,L,ESPN+,ESPN+
2019-09-28,Sat,2019-20,Premier League,,,Home,Southampton,2,1,W,NBC Sports Gold,NBC Sports Gold
2019-10-01,Tue,2019-20,Champions League,Group Stage,,Home,Bayern Munich,2,7,L,TNT,"TNT, B/R Live"
2019-10-05,Sat,2019-20,Premier League,,,Away,Brighton & Hove Albion,0,3,L,NBCSN,NBCSN
2019-10-19,Sat,2019-20,Premier League,,,Home,Watford,1,1,D,NBCSN,NBCSN
2019-10-22,Tue,2019-20,Champions League,Group Stage,,Home,Red Star Belgrade,5,0,W,B/R Live,B/R Live
2019-10-27,Sun,2019-20,Premier League,,,Away,Liverpool,1,2,L,NBC,NBC
2019-11-03,Sun,2019-20,Premier League,,,Away,Everton,1,1,D,NBCSN,NBCSN
2019-11-06,Wed,2019-20,Champions League,Group Stage,,Away,Red Star Belgrade,4,0,W,B/R Live,B/R Live
2019-11-09,Sat,2019-20,Premier League,,,Home,Sheffield United,1,1,D,NBCSN,NBCSN
2019-11-23,Sat,2019-20,Premier League,,,Away,West Ham United,3,2,W,NBCSN,NBCSN
2019-11-26,Tue,2019-20,Champions League,Group Stage,,Home,Olympiacos,4,2,W,B/R Live,B/R Live
2019-11-30,Sat,2019-20,Premier League,,,Home,AFC Bournemouth,3,2,W,NBCSN,NBCSN
2019-12-04,Wed,2019-20,Premier League,,,Away,Manchester United,1,2,L,NBCSN,NBCSN
2019-12-07,Sat,2019-20,Premier League,,,Home,Burnley,5,0,W,NBC Sports Gold,NBC Sports Gold
2019-12-11,Wed,2019-20,Champions League,Group Stage,,Away,Bayern Munich,1,3,L,B/R Live,B/R Live
2019-12-15,Sun,2019-20,Premier League,,,Away,Wolverhampton Wanderers,2,1,W,NBCSN,NBCSN
2019-12-22,Sun,2019-20,Premier League,,,Home,Chelsea,0,2,L,NBCSN,NBCSN
2019-12-26,Thu,2019-20,Premier League,,,Home,Brighton & Hove Albion,2,1,W,NBCSN,NBCSN
2019-12-28,Sat,2019-20,Premier League,,,Away,Norwich City,2,2,D,NBC,NBC
2020-01-01,Wed,2019-20,Premier League,,,Away,Southampton,0,1,L,NBCSN,NBCSN
2020-01-05,Sun,2019-20,FA Cup,Third Round,,Away,Middlesbrough,1,1,D,ESPN+,ESPN+
2020-01-11,Sat,2019-20,Premier League,,,Home,Liverpool,0,1,L,NBC,NBC
2020-01-14,Tue,2019-20,FA Cup,Third Round Replay,,Home,Middlesbrough,2,1,W,ESPN+,ESPN+
2020-01-18,Sat,2019-20,Premier League,,,Away,Watford,0,0,D,NBCSN,NBCSN
2020-01-22,Wed,2019-20,Premier League,,,Home,Norwich City,2,1,W,NBC Sports Gold,NBC Sports Gold
2020-01-25,Sat,2019-20,FA Cup,Fourth Round,,Away,Southampton,1,1,D,ESPN+,ESPN+
2020-02-02,Sun,2019-20,Premier League,,,Home,Manchester City,2,0,W,NBCSN,NBCSN
2020-02-05,Wed,2019-20,FA Cup,Fourth Round Replay,,Home,Southampton,3,2,W,ESPN+,ESPN+
2020-02-16,Sun,2019-20,Premier League,,,Away,Aston Villa,3,2,W,NBCSN,NBCSN
2020-02-19,Wed,2019-20,Champions League,Round of 16,1st,Home,RB Leipzig,0,1,L,B/R Live,B/R Live
2020-02-22,Sat,2019-20,Premier League,,,Away,Chelsea,1,2,L,NBCSN,NBCSN
2020-03-01,Sun,2019-20,Premier League,,,Home,Wolverhampton Wanderers,2,3,L,NBC Sports Gold,NBC Sports Gold
2020-03-04,Wed,2019-20,FA Cup,Fifth Round,,Home,Norwich City,1,1,L,ESPN+,ESPN+
2020-03-07,Sat,2019-20,Premier League,,,Away,Burnley,1,1,D,NBCSN,NBCSN
2020-03-10,Tue,2019-20,Champions League,Round of 16,2nd,Away,RB Leipzig,0,3,L,B/R Live,B/R Live
2020-06-19,Fri,2019-20,Premier League,,,Home,Manchester United,1,1,D,NBCSN,NBCSN
2020-06-23,Tue,2019-20,Premier League,,,Home,West Ham United,2,0,W,NBC,"NBC, NBCSN"
2020-07-02,Thu,2019-20,Premier League,,,Away,Sheffield United,1,3,L,NBCSN,NBCSN
2020-07-06,Mon,2019-20,Premier League,,,Home,Everton,1,0,W,NBC,"NBC, NBCSN"
2020-07-09,Thu,2019-20,Premier League,,,Away,AFC Bournemouth,0,0,D,NBC,"NBC, NBCSN"
2020-07-12,Sun,2019-20,Premier League,,,Home,Arsenal,2,1,W,NBCSN,NBCSN
2020-07-15,Wed,2019-20,Premier League,,,Away,Newcastle United,3,1,W,Peacock,Peacock
2020-07-19,Sun,2019-20,Premier League,,,Home,Leicester City,3,0,W,NBCSN,NBCSN
2020-07-26,Sun,2019-20,Premier League,,,Away,Crystal Palace,1,1,D,Peacock,Peacock
2020-09-13,Sun,2020-21,Premier League,,,Home,Everton,0,1,L,Peacock,Peacock
2020-09-17,Thu,2020-21,Europa League,Second Qualifying Round,,Away,Lokomotiv Plovdiv,2,1,W,B/R Live,B/R Live
2020-09-20,Sun,2020-21,Premier League,,,Away,Southampton,5,2,W,Peacock,Peacock
2020-09-24,Thu,2020-21,Europa League,Third Qualifying Round,,Away,KF Shkëndija,3,1,W,B/R Live,B/R Live
2020-09-27,Sun,2020-21,Premier League,,,Home,Newcastle United,1,1,D,NBCSN,NBCSN
2020-09-29,Tue,2020-21,League Cup,Fourth Round,,Home,Chelsea,1,1,W,ESPN+,ESPN+
2020-10-01,Thu,2020-21,Europa League,Playoff Round,,Home,Maccabi Haifa,7,2,W,B/R Live,B/R Live
2020-10-04,Sun,2020-21,Premier League,,,Away,Manchester United,6,1,W,NBCSN,NBCSN
2020-10-18,Sun,2020-21,Premier League,,,Home,West Ham United,3,3,D,NBCSN,NBCSN
2020-10-22,Thu,2020-21,Europa League,Group Stage,,Home,LASK Linz,3,0,W,CBS All Access,CBS All Access
2020-10-26,Mon,2020-21,Premier League,,,Away,Burnley,1,0,W,Peacock,Peacock
2020-10-29,Thu,2020-21,Europa League,Group Stage,,Away,Antwerp,0,1,L,CBS All Access,CBS All Access
2020-11-01,Sun,2020-21,Premier League,,,Home,Brighton & Hove Albion,2,1,W,Peacock,Peacock
2020-11-05,Thu,2020-21,Europa League,Group Stage,,Away,Ludogorets Razgrad,3,1,W,CBS All Access,CBS All Access
2020-11-08,Sun,2020-21,Premier League,,,Away,West Bromwich Albion,1,0,W,NBCSN,NBCSN
2020-11-21,Sat,2020-21,Premier League,,,Home,Manchester City,2,0,W,NBC,NBC
2020-11-26,Thu,2020-21,Europa League,Group Stage,,Home,Ludogorets Razgrad,4,0,W,CBS All Access,CBS All Access
2020-11-29,Sun,2020-21,Premier League,,,Away,Chelsea,0,0,D,NBCSN,NBCSN
2020-12-03,Thu,2020-21,Europa League,Group Stage,,Away,LASK Linz,3,3,D,CBS All Access,CBS All Access
2020-12-06,Sun,2020-21,Premier League,,,Home,Arsenal,2,0,W,Peacock,Peacock
2020-12-10,Thu,2020-21,Europa League,Group Stage,,Home,Antwerp,2,0,W,CBS All Access,CBS All Access
2020-12-13,Sun,2020-21,Premier League,,,Away,Crystal Palace,1,1,D,NBCSN,NBCSN
2020-12-16,Wed,2020-21,Premier League,,,Away,Liverpool,1,2,L,NBCSN,NBCSN
2020-12-20,Sun,2020-21,Premier League,,,Home,Leicester City,0,2,L,NBCSN,NBCSN
2020-12-23,Wed,2020-21,League Cup,Quarterfinals,,Away,Stoke City,3,1,W,ESPN+,ESPN+
2020-12-27,Sun,2020-21,Premier League,,,Away,Wolverhampton Wanderers,1,1,D,NBCSN,NBCSN
2021-01-02,Sat,2020-21,Premier League,,,Home,Leeds United,3,0,W,NBCSN,NBCSN
2021-01-05,Tue,2020-21,League Cup,Semifinals,,Home,Brentford,2,0,W,ESPN+,ESPN+
2021-01-10,Sun,2020-21,FA Cup,Third Round,,Away,Marine,5,0,W,ESPN+,ESPN+
2021-01-13,Wed,2020-21,Premier League,,,Home,Fulham,1,1,D,NBCSN,NBCSN
2021-01-17,Sun,2020-21,Premier League,,,Away,Sheffield United,3,1,W,NBCSN,NBCSN
2021-01-25,Mon,2020-21,FA Cup,Fourth Round,,Away,Wycombe Wanderers,4,1,W,ESPN+,ESPN+
2021-01-28,Thu,2020-21,Premier League,,,Home,Liverpool,1,3,L,NBCSN,NBCSN
2021-01-31,Sun,2020-21,Premier League,,,Away,Brighton & Hove Albion,0,1,L,Peacock,Peacock
2021-02-04,Thu,2020-21,Premier League,,,Home,Chelsea,0,1,L,Peacock,Peacock
2021-02-07,Sun,2020-21,Premier League,,,Home,West Bromwich Albion,2,0,W,NBCSN,NBCSN
2021-02-10,Wed,2020-21,FA Cup,Fifth Round,,Away,Everton,4,5,L,ESPN+,ESPN+
2021-02-13,Sat,2020-21,Premier League,,,Away,Manchester City,0,3,L,NBC,NBC
2021-02-18,Thu,2020-21,Europa League,Round of 32,1st,Away,Wolfsberger,4,1,W,CBS All Access,CBS All Access
2021-02-21,Sun,2020-21,Premier League,,,Away,West Ham United,1,2,L,Peacock,Peacock
2021-02-24,Wed,2020-21,Europa League,Round of 32,2nd,Home,Wolfsberger,4,0,W,CBS All Access,CBS All Access
2021-02-28,Sun,2020-21,Premier League,,,Home,Burnley,4,0,W,NBCSN,NBCSN
2021-03-04,Thu,2020-21,Premier League,,,Away,Fulham,1,0,W,Peacock,Peacock
2021-03-07,Sun,2020-21,Premier League,,,Home,Crystal Palace,4,1,W,Peacock,Peacock
2021-03-11,Thu,2020-21,Europa League,Round of 16,1st,Home,Dinamo Zagreb,2,0,W,Paramount+,Paramount+
2021-03-14,Sun,2020-21,Premier League,,,Away,Arsenal,1,2,L,NBCSN,NBCSN
2021-03-18,Thu,2020-21,Europa League,Round of 16,2nd,Away,Dinamo Zagreb,0,3,L,Paramount+,Paramount+
2021-03-21,Sun,2020-21,Premier League,,,Away,Aston Villa,2,0,W,NBCSN,NBCSN
2021-04-04,Sun,2020-21,Premier League,,,Away,Newcastle United,2,2,D,NBCSN,NBCSN
2021-04-11,Sun,2020-21,Premier League,,,Home,Manchester United,1,3,L,Peacock,Peacock
2021-04-16,Fri,2020-21,Premier League,,,Away,Everton,2,2,D,NBCSN,NBCSN
2021-04-21,Wed,2020-21,Premier League,,,Home,Southampton,2,1,W,Peacock,Peacock
2021-04-25,Sun,2020-21,League Cup,Final,,Neutral,Manchester City,0,1,L,ESPN+,ESPN+
2021-05-02,Sun,2020-21,Premier League,,,Home,Sheffield United,4,0,W,NBCSN,NBCSN
2021-05-08,Sat,2020-21,Premier League,,,Away,Leeds United,1,3,L,NBCSN,NBCSN
2021-05-16,Sun,2020-21,Premier League,,,Home,Wolverhampton Wanderers,2,0,W,NBCSN,NBCSN
2021-05-19,Wed,2020-21,Premier League,,,Home,Aston Villa,1,2,L,Peacock,Peacock
2021-05-23,Sun,2020-21,Premier League,,,Away,Leicester City,4,2,W,NBCSN,"NBCSN, Peacock"
2021-08-15,Sun,2021-22,Premier League,,,Home,Manchester City,1,0,W,NBCSN,NBCSN
2021-08-19,Thu,2021-22,Conference League,Playoff Round,1st,Away,Paços de Ferreira,0,1,L,Paramount+,Paramount+
2021-08-22,Sun,2021-22,Premier League,,,Away,Wolverhampton Wanderers,1,0,W,NBCSN,NBCSN
2021-08-26,Thu,2021-22,Conference League,Playoff Round,2nd,Home,Paços de Ferreira,3,0,W,Paramount+,Paramount+
2021-08-29,Sun,2021-22,Premier League,,,Home,Watford,1,0,W,Peacock,Peacock
2021-09-11,Sat,2021-22,Premier League,,,Away,Crystal Palace,0,3,L,NBCSN,NBCSN
2021-09-16,Thu,2021-22,Conference League,Group Stage,,Away,Stade Rennais,2,2,D,Paramount+,Paramount+
2021-09-19,Sun,2021-22,Premier League,,,Home,Chelsea,0,3,L,Peacock,Peacock
2021-09-22,Wed,2021-22,League Cup,Third Round,,Away,Wolverhampton Wanderers,2,2,W,ESPN+,ESPN+
2021-09-26,Sun,2021-22,Premier League,,,Away,Arsenal,1,3,L,NBCSN,NBCSN
2021-09-30,Thu,2021-22,Conference League,Group Stage,,Home,NS Mura,5,1,W,Paramount+,Paramount+
2021-10-03,Sun,2021-22,Premier League,,,Home,Aston Villa,2,1,W,Peacock,Peacock
2021-10-17,Sun,2021-22,Premier League,,,Away,Newcastle United,3,2,W,NBCSN,NBCSN
2021-10-21,Thu,2021-22,Conference League,Group Stage,,Away,Vitesse,0,1,L,Paramount+,Paramount+
2021-10-24,Sun,2021-22,Premier League,,,Away,West Ham United,0,1,L,NBCSN,NBCSN
2021-10-27,Wed,2021-22,League Cup,Fourth Round,,Away,Burnley,1,0,W,ESPN+,ESPN+
2021-10-30,Sat,2021-22,Premier League,,,Home,Manchester United,0,3,L,NBC,NBC
2021-11-04,Thu,2021-22,Conference League,Group Stage,,Home,Vitesse,3,2,W,Paramount+,Paramount+
2021-11-07,Sun,2021-22,Premier League,,,Away,Everton,0,0,D,NBCSN,NBCSN
2021-11-21,Sun,2021-22,Premier League,,,Home,Leeds United,2,1,W,NBCSN,NBCSN
2021-11-25,Thu,2021-22,Conference League,Group Stage,,Away,NS Mura,1,2,L,Paramount+,Paramount+
2021-12-02,Thu,2021-22,Premier League,,,Home,Brentford,2,0,W,Peacock,Peacock
2021-12-05,Sun,2021-22,Premier League,,,Home,Norwich City,3,0,W,Peacock,Peacock
2021-12-09,Thu,2021-22,Conference League,Group Stage,,Home,Stade Rennais,0,3,L,Paramount+,Paramount+
2021-12-19,Sun,2021-22,Premier League,,,Home,Liverpool,2,2,D,Peacock,Peacock
2021-12-22,Wed,2021-22,League Cup,Quarterfinals,,Home,West Ham United,2,1,W,ESPN+,ESPN+
2021-12-26,Sun,2021-22,Premier League,,,Home,Crystal Palace,3,0,W,USA Network,USA Network
2021-12-28,Tue,2021-22,Premier League,,,Away,Southampton,1,1,D,NBCSN,NBCSN
2022-01-01,Sat,2021-22,Premier League,,,Away,Watford,1,0,W,USA Network,USA Network
2022-01-05,Wed,2021-22,League Cup,Semifinals,1st,Away,Chelsea,0,2,L,ESPN+,ESPN+
2022-01-09,Sun,2021-22,FA Cup,Third Round,,Home,Morecambe,3,1,W,ESPN+,ESPN+
2022-01-12,Wed,2021-22,League Cup,Semifinals,2nd,Home,Chelsea,0,1,L,ESPN+,ESPN+
2022-01-19,Wed,2021-22,Premier League,,,Away,Leicester City,3,2,W,USA Network,USA Network
2022-01-23,Sun,2021-22,Premier League,,,Away,Chelsea,0,2,L,Peacock,Peacock
2022-02-05,Sat,2021-22,FA Cup,Fourth Round,,Home,Brighton & Hove Albion,3,1,W,ESPN+,ESPN+
2022-02-09,Wed,2021-22,Premier League,,,Home,Southampton,2,3,L,USA Network,USA Network
2022-02-13,Sun,2021-22,Premier League,,,Home,Wolverhampton Wanderers,0,2,L,Peacock,Peacock
2022-02-19,Sat,2021-22,Premier League,,,Away,Manchester City,3,2,W,NBC,NBC
2022-02-23,Wed,2021-22,Premier League,,,Away,Burnley,0,1,L,Peacock,Peacock
2022-02-26,Sat,2021-22,Premier League,,,Away,Leeds United,4,0,W,USA Network,USA Network
2022-03-01,Tue,2021-22,FA Cup,Fifth Round,,Away,Middlesbrough,0,1,L,ESPN+,ESPN+
2022-03-07,Mon,2021-22,Premier League,,,Home,Everton,5,0,W,USA Network,USA Network
2022-03-12,Sat,2021-22,Premier League,,,Away,Manchester United,2,3,L,Peacock,Peacock
2022-03-16,Wed,2021-22,Premier League,,,Away,Brighton & Hove Albion,2,0,W,Peacock,Peacock
2022-03-20,Sun,2021-22,Premier League,,,Home,West Ham United,3,1,W,USA Network,USA Network
2022-04-03,Sun,2021-22,Premier League,,,Home,Newcastle United,5,1,W,USA Network,USA Network
2022-04-09,Sat,2021-22,Premier League,,,Away,Aston Villa,4,0,W,NBC,NBC
2022-04-16,Sat,2021-22,Premier League,,,Home,Brighton & Hove Albion,0,1,L,USA Network,USA Network
2022-04-23,Sat,2021-22,Premier League,,,Away,Brentford,0,0,D,NBC,NBC
2022-05-01,Sun,2021-22,Premier League,,,Home,Leicester City,3,1,W,Peacock,Peacock
2022-05-07,Sat,2021-22,Premier League,,,Away,Liverpool,1,1,D,USA Network,USA Network
2022-05-12,Thu,2021-22,Premier League,,,Home,Arsenal,3,0,W,USA Network,USA Network
2022-05-15,Sun,2021-22,Premier League,,,Home,Burnley,1,0,W,USA Network,USA Network
2022-05-22,Sun,2021-22,Premier League,,,Away,Norwich City,5,0,W,Peacock,Peacock
2022-08-06,Sat,2022-23,Premier League,,,Home,Southampton,4,1,W,Peacock,Peacock
2022-08-14,Sun,2022-23,Premier League,,,Away,Chelsea,2,2,D,USA Network,USA Network
2022-08-20,Sat,2022-23,Premier League,,,Home,Wolverhampton Wanderers,1,0,W,USA Network,USA Network
2022-08-28,Sun,2022-23,Premier League,,,Away,Nottingham Forest,2,0,W,USA Network,USA Network
2022-08-31,Wed,2022-23,Premier League,,,Away,West Ham United,1,1,D,Peacock,Peacock
2022-09-03,Sat,2022-23,Premier League,,,Home,Fulham,2,1,W,Peacock,Peacock
2022-09-07,Wed,2022-23,Champions League,Group Stage,,Home,Marseille,2,0,W,Paramount+,Paramount+
2022-09-13,Tue,2022-23,Champions League,Group Stage,,Away,Sporting CP,0,2,L,Paramount+,Paramount+
2022-09-17,Sat,2022-23,Premier League,,,Home,Leicester City,6,2,W,NBC,NBC
2022-10-01,Sat,2022-23,Premier League,,,Away,Arsenal,1,3,L,USA Network,USA Network
2022-10-04,Tue,2022-23,Champions League,Group Stage,,Away,Eintracht Frankfurt,0,0,D,Paramount+,Paramount+
2022-10-08,Sat,2022-23,Premier League,,,Away,Brighton & Hove Albion,1,0,W,NBC,NBC
2022-10-12,Wed,2022-23,Champions League,Group Stage,,Home,Eintracht Frankfurt,3,2,W,Paramount+,Paramount+
2022-10-15,Sat,2022-23,Premier League,,,Home,Everton,2,0,W,NBC,NBC
2022-10-19,Wed,2022-23,Premier League,,,Away,Manchester United,0,2,L,Peacock,Peacock
2022-10-23,Sun,2022-23,Premier League,,,Home,Newcastle United,1,2,L,USA Network,USA Network
2022-10-26,Wed,2022-23,Champions League,Group Stage,,Home,Sporting CP,1,1,D,Paramount+,Paramount+
2022-10-29,Sat,2022-23,Premier League,,,Away,AFC Bournemouth,3,2,W,Peacock,Peacock
2022-11-01,Tue,2022-23,Champions League,Group Stage,,Away,Marseille,2,1,W,Paramount+,Paramount+
2022-11-06,Sun,2022-23,Premier League,,,Home,Liverpool,1,2,L,Peacock,Peacock
2022-11-09,Wed,2022-23,League Cup,Third Round,,Away,Nottingham Forest,0,2,L,ESPN+,ESPN+
2022-11-12,Sat,2022-23,Premier League,,,Home,Leeds United,4,3,W,Peacock,Peacock
2022-12-26,Mon,2022-23,Premier League,,,Away,Brentford,2,2,D,USA Network,USA Network
2023-01-01,Sun,2022-23,Premier League,,,Home,Aston Villa,0,2,L,Peacock,Peacock
2023-01-04,Wed,2022-23,Premier League,,,Away,Crystal Palace,4,0,W,USA Network,USA Network
2023-01-07,Sat,2022-23,FA Cup,Third Round,,Home,Portsmouth,1,0,W,ESPN+,ESPN+
2023-01-15,Sun,2022-23,Premier League,,,Home,Arsenal,0,2,L,Peacock,Peacock
2023-01-19,Thu,2022-23,Premier League,,,Away,Manchester City,2,4,L,Peacock,Peacock
2023-01-23,Mon,2022-23,Premier League,,,Away,Fulham,1,0,W,USA Network,USA Network
2023-01-28,Sat,2022-23,FA Cup,Fourth Round,,Away,Preston North End,3,0,W,ESPN+,ESPN+
2023-02-05,Sun,2022-23,Premier League,,,Home,Manchester City,1,0,W,NBC,NBC
2023-02-11,Sat,2022-23,Premier League,,,Away,Leicester City,1,4,L,Peacock,Peacock
2023-02-14,Tue,2022-23,Champions League,Round of 16,1st,Away,AC Milan,0,1,L,Paramount+,Paramount+
2023-02-19,Sun,2022-23,Premier League,,,Home,West Ham United,2,0,W,USA Network,USA Network
2023-02-26,Sun,2022-23,Premier League,,,Home,Chelsea,2,0,W,USA Network,USA Network
2023-03-01,Wed,2022-23,FA Cup,Fifth Round,,Away,Sheffield United,0,1,L,ESPN+,ESPN+
2023-03-04,Sat,2022-23,Premier League,,,Away,Wolverhampton Wanderers,0,1,L,Peacock,Peacock
2023-03-08,Wed,2022-23,Champions League,Round of 16,2nd,Home,AC Milan,0,0,D,Paramount+,Paramount+
2023-03-11,Sat,2022-23,Premier League,,,Home,Nottingham Forest,3,1,W,Peacock,Peacock
2023-03-18,Sat,2022-23,Premier League,,,Away,Southampton,3,3,D,USA Network,USA Network
2023-04-03,Mon,2022-23,Premier League,,,Away,Everton,1,1,D,USA Network,USA Network
2023-04-08,Sat,2022-23,Premier League,,,Home,Brighton & Hove Albion,2,1,W,Peacock,Peacock
2023-04-15,Sat,2022-23,Premier League,,,Home,AFC Bournemouth,2,3,L,USA Network,USA Network
2023-04-23,Sun,2022-23,Premier League,,,Away,Newcastle United,1,6,L,USA Network,USA Network
2023-04-27,Thu,2022-23,Premier League,,,Home,Manchester United,2,2,D,Peacock,Peacock
2023-04-30,Sun,2022-23,Premier League,,,Away,Liverpool,3,4,L,USA Network,USA Network
2023-05-06,Sat,2022-23,Premier League,,,Home,Crystal Palace,1,0,W,Peacock,Peacock
2023-05-13,Sat,2022-23,Premier League,,,Away,Aston Villa,1,2,L,Peacock,Peacock
2023-05-20,Sat,2022-23,Premier League,,,Home,Brentford,1,3,L,USA Network,USA Network
2023-05-28,Sun,2022-23,Premier League,,,Away,Leeds United,4,1,W,CNBC,"CNBC, Peacock"
2023-08-13,Sun,2023-24,Premier League,,,Away,Brentford,2,2,D,Peacock,Peacock
2023-08-19,Sat,2023-24,Premier League,,,Home,Manchester United,2,0,W,NBC,NBC
2023-08-26,Sat,2023-24,Premier League,,,Away,AFC Bournemouth,2,0,W,USA Network,USA Network
2023-08-29,Tue,2023-24,League Cup,Second Round,,Away,Fulham,1,1,L,ESPN+,ESPN+
2023-09-02,Sat,2023-24,Premier League,,,Away,Burnley,5,2,W,Peacock,Peacock
2023-09-16,Sat,2023-24,Premier League,,,Home,Sheffield United,2,1,W,Peacock,Peacock
2023-09-24,Sun,2023-24,Premier League,,,Away,Arsenal,2,2,D,Peacock,Peacock
2023-09-30,Sat,2023-24,Premier League,,,Home,Liverpool,2,1,W,USA Network,USA Network
2023-10-07,Sat,2023-24,Premier League,,,Away,Luton Town,1,0,W,USA Network,USA Network
2023-10-23,Mon,2023-24,Premier League,,,Home,Fulham,2,0,W,USA Network,USA Network
2023-10-27,Fri,2023-24,Premier League,,,Away,Crystal Palace,2,1,W,USA Network,USA Network
2023-11-06,Mon,2023-24,Premier League,,,Home,Chelsea,1,4,L,Peacock,Peacock
2023-11-11,Sat,2023-24,Premier League,,,Away,Wolverhampton Wanderers,1,2,L,USA Network,USA Network
2023-11-26,Sun,2023-24,Premier League,,,Home,Aston Villa,1,2,L,USA Network,USA Network
2023-12-03,Sun,2023-24,Premier League,,,Away,Manchester City,3,3,D,Peacock,Peacock
2023-12-07,Thu,2023-24,Premier League,,,Home,West Ham United,1,2,L,USA Network,USA Network
2023-12-10,Sun,2023-24,Premier League,,,Home,Newcastle United,4,1,W,USA Network,USA Network
2023-12-15,Fri,2023-24,Premier League,,,Away,Nottingham Forest,2,0,W,USA Network,USA Network
2023-12-23,Sat,2023-24,Premier League,,,Home,Everton,2,1,W,Peacock,Peacock
2023-12-28,Thu,2023-24,Premier League,,,Away,Brighton & Hove Albion,2,4,L,USA Network,USA Network
2023-12-31,Sun,2023-24,Premier League,,,Home,AFC Bournemouth,3,1,W,USA Network,USA Network
2024-01-05,Fri,2023-24,FA Cup,Third Round,,Home,Burnley,1,0,W,ESPN+,ESPN+
2024-01-14,Sun,2023-24,Premier League,,,Away,Manchester United,2,2,D,Peacock,Peacock
2024-01-26,Fri,2023-24,FA Cup,Fourth Round,,Home,Manchester City,0,1,L,ESPN+,ESPN+
2024-01-31,Wed,2023-24,Premier League,,,Home,Brentford,3,2,W,USA Network,USA Network
2024-02-03,Sat,2023-24,Premier League,,,Away,Everton,2,2,D,USA Network,USA Network
2024-02-10,Sat,2023-24,Premier League,,,Home,Brighton & Hove Albion,2,1,W,Peacock,Peacock
2024-02-17,Sat,2023-24,Premier League,,,Home,Wolverhampton Wanderers,1,2,L,Peacock,Peacock
2024-03-02,Sat,2023-24,Premier League,,,Home,Crystal Palace,3,1,W,Peacock,Peacock
2024-03-10,Sun,2023-24,Premier League,,,Away,Aston Villa,4,0,W,USA Network,USA Network
2024-03-16,Sat,2023-24,Premier League,,,Away,Fulham,0,3,L,USA Network,USA Network
2024-03-30,Sat,2023-24,Premier League,,,Home,Luton Town,2,1,W,Peacock,Peacock
2024-04-02,Tue,2023-24,Premier League,,,Away,West Ham United,1,1,D,Peacock,Peacock
2024-04-07,Sun,2023-24,Premier League,,,Home,Nottingham Forest,3,1,W,USA Network,USA Network
2024-04-13,Sat,2023-24,Premier League,,,Away,Newcastle United,0,4,L,USA Network,USA Network
2024-04-28,Sun,2023-24,Premier League,,,Home,Arsenal,2,3,L,USA Network,USA Network
2024-05-02,Thu,2023-24,Premier League,,,Away,Chelsea,0,2,L,USA Network,USA Network
2024-05-05,Sun,2023-24,Premier League,,,Away,Liverpool,2,4,L,Peacock,Peacock
2024-05-11,Sat,2023-24,Premier League,,,Home,Burnley,2,1,W,Peacock,Peacock
2024-05-14,Tue,2023-24,Premier League,,,Home,Manchester City,0,2,L,USA Network,USA Network
2024-05-19,Sun,2023-24,Premier League,,,Away,Sheffield United,3,0,W,Peacock,Peacock
2024-08-19,Mon,2024-25,Premier League,,,Away,Leicester City,1,1,D,USA Network,USA Network
2024-08-24,Sat,2024-25,Premier League,,,Home,Everton,4,0,W,Peacock,Peacock
2024-09-01,Sun,2024-25,Premier League,,,Away,Newcastle United,1,2,L,USA Network,USA Network
2024-09-15,Sun,2024-25,Premier League,,,Home,Arsenal,0,1,L,USA Network,USA Network
2024-09-18,Wed,2024-25,League Cup,Third Round,,Away,Coventry City,2,1,W,Paramount+,Paramount+
2024-09-21,Sat,2024-25,Premier League,,,Home,Brentford,3,1,W,Peacock,Peacock
2024-09-26,Thu,2024-25,Europa League,League Phase,,Home,FK Qarabag,3,0,W,Paramount+,Paramount+
2024-09-29,Sun,2024-25,Premier League,,,Away,Manchester United,3,0,W,USA Network,USA Network
2024-10-03,Thu,2024-25,Europa League,League Phase,,Away,Ferencvaros,2,1,W,Paramount+,Paramount+
2024-10-06,Sun,2024-25,Premier League,,,Away,Brighton & Hove Albion,2,3,L,USA Network,USA Network
2024-10-19,Sat,2024-25,Premier League,,,Home,West Ham United,4,1,W,USA Network,USA Network
2024-10-24,Thu,2024-25,Europa League,League Phase,,Home,AZ Alkmaar,1,0,W,Paramount+,Paramount+
2024-10-27,Sun,2024-25,Premier League,,,Away,Crystal Palace,0,1,L,Peacock,Peacock
2024-10-30,Wed,2024-25,League Cup,Fourth Round,,Home,Manchester City,2,1,W,Paramount+,Paramount+
2024-11-03,Sun,2024-25,Premier League,,,Home,Aston Villa,4,1,W,USA Network,USA Network
2024-11-07,Thu,2024-25,Europa League,League Phase,,Away,Galatasaray,2,3,L,Paramount+,Paramount+
2024-11-10,Sun,2024-25,Premier League,,,Home,Ipswich Town,1,2,L,USA Network,USA Network
2024-11-23,Sat,2024-25,Premier League,,,Away,Manchester City,4,0,W,NBC,NBC
2024-11-28,Thu,2024-25,Europa League,League Phase,,Home,AS Roma,2,2,D,Paramount+,Paramount+
2024-12-01,Sun,2024-25,Premier League,,,Home,Fulham,1,1,D,Peacock,Peacock
2024-12-05,Thu,2024-25,Premier League,,,Away,AFC Bournemouth,0,1,L,USA Network,USA Network
2024-12-08,Sun,2024-25,Premier League,,,Home,Chelsea,3,4,L,USA Network,USA Network
2024-12-12,Thu,2024-25,Europa League,League Phase,,Away,Rangers,1,1,D,Paramount+,Paramount+
2024-12-15,Sun,2024-25,Premier League,,,Away,Southampton,5,0,W,Peacock,Peacock
2024-12-19,Thu,2024-25,League Cup,Quarterfinals,,Home,Manchester United,4,3,W,Paramount+,Paramount+
2024-12-22,Sun,2024-25,Premier League,,,Home,Liverpool,3,6,L,USA Network,USA Network
2024-12-26,Thu,2024-25,Premier League,,,Away,Nottingham Forest,0,1,L,Peacock,Peacock
2024-12-29,Sun,2024-25,Premier League,,,Home,Wolverhampton Wanderers,2,2,D,Peacock,Peacock
2025-01-04,Sat,2024-25,Premier League,,,Home,Newcastle United,1,2,L,USA Network,USA Network
2025-01-08,Wed,2024-25,League Cup,Semifinals,1st,Home,Liverpool,1,0,W,Paramount+,Paramount+
2025-01-12,Sun,2024-25,FA Cup,Third Round,,Away,Tamworth,3,0,W,ESPN+,ESPN+
2025-01-15,Wed,2024-25,Premier League,,,Away,Arsenal,1,2,L,Peacock,Peacock
2025-01-19,Sun,2024-25,Premier League,,,Away,Everton,2,3,L,USA Network,USA Network
2025-01-23,Thu,2024-25,Europa League,League Phase,,Away,TSG Hoffenheim,3,2,W,Paramount+,Paramount+
2025-01-26,Sun,2024-25,Premier League,,,Home,Leicester City,1,2,L,USA Network,USA Network
2025-01-30,Thu,2024-25,Europa League,League Phase,,Home,IF Elfsborg,3,0,W,Paramount+,Paramount+
2025-02-02,Sun,2024-25,Premier League,,,Away,Brentford,2,0,W,USA Network,USA Network
2025-02-06,Thu,2024-25,League Cup,Semifinals,2nd,Away,Liverpool,0,4,L,Paramount+,Paramount+
2025-02-09,Sun,2024-25,FA Cup,Fourth Round,,Away,Aston Villa,1,2,L,ESPN+,ESPN+
2025-02-16,Sun,2024-25,Premier League,,,Home,Manchester United,1,0,W,Peacock,Peacock
2025-02-22,Sat,2024-25,Premier League,,,Away,Ipswich Town,4,1,W,USA Network,USA Network
2025-02-26,Wed,2024-25,Premier League,,,Home,Manchester City,0,1,L,Peacock,Peacock
2025-03-06,Thu,2024-25,Europa League,Round of 16,1st,Away,AZ Alkmaar,0,1,L,Paramount+,Paramount+
2025-03-09,Sun,2024-25,Premier League,,,Home,AFC Bournemouth,2,2,D,Peacock,Peacock
2025-03-13,Thu,2024-25,Europa League,Round of 16,2nd,Home,AZ Alkmaar,3,1,W,Paramount+,Paramount+
2025-03-16,Sun,2024-25,Premier League,,,Away,Fulham,0,2,L,USA Network,USA Network
2025-04-03,Thu,2024-25,Premier League,,,Away,Chelsea,0,1,L,Peacock,Peacock
2025-04-06,Sun,2024-25,Premier League,,,Home,Southampton,3,1,W,Peacock,Peacock
2025-04-10,Thu,2024-25,Europa League,Quarterfinals,1st,Home,Eintracht Frankfurt,1,1,D,Paramount+,Paramount+
2025-04-13,Sun,2024-25,Premier League,,,Away,Wolverhampton Wanderers,2,4,L,Peacock,Peacock
2025-04-17,Thu,2024-25,Europa League,Quarterfinals,2nd,Away,Eintracht Frankfurt,1,0,W,Paramount+,Paramount+
2025-04-21,Mon,2024-25,Premier League,,,Home,Nottingham Forest,1,2,L,USA Network,USA Network
2025-04-27,Sun,2024-25,Premier League,,,Away,Liverpool,1,5,L,Peacock,Peacock
2025-05-01,Thu,2024-25,Europa League,Semifinals,1st,Home,Bodo/Glimt,3,1,W,Paramount+,Paramount+
2025-05-04,Sun,2024-25,Premier League,,,Away,West Ham United,1,1,D,Peacock,Peacock
2025-05-08,Thu,2024-25,Europa League,Semifinals,2nd,Away,Bodo/Glimt,2,0,W,Paramount+,Paramount+
2025-05-11,Sun,2024-25,Premier League,,,Home,Crystal Palace,0,2,L,Peacock,Peacock
2025-05-16,Fri,2024-25,Premier League,,,Away,Aston Villa,0,2,L,USA Network,USA Network
2025-05-21,Wed,2024-25,Europa League,Final,,Neutral,Manchester United,1,0,W,CBSSN,"CBSSN, Paramount+"
2025-05-25,Sun,2024-25,Premier League,,,Home,Brighton & Hove Albion,1,4,L,Peacock,Peacock
2025-08-13,Wed,2025-26,Super Cup,,,Neutral,Paris Saint-Germain,2,2,L,CBSSN,"CBSSN, Paramount+"
2025-08-16,Sat,2025-26,Premier League,,,Home,Burnley,3,0,W,Peacock,Peacock
2025-08-23,Sat,2025-26,Premier League,,,Away,Manchester City,2,0,W,USA Network,USA Network
2025-08-30,Sat,2025-26,Premier League,,,Home,AFC Bournemouth,0,1,L,Peacock,Peacock
2025-09-13,Sat,2025-26,Premier League,,,Away,West Ham United,3,0,W,NBC,"NBC, Peacock"
2025-09-16,Tue,2025-26,Champions League,League Phase,,Home,Villarreal,1,0,W,Paramount+,Paramount+
2025-09-20,Sat,2025-26,Premier League,,,Away,Brighton & Hove Albion,2,2,D,Peacock,Peacock
2025-09-24,Wed,2025-26,League Cup,Third Round,,Home,Doncaster Rovers,3,0,W,Paramount+,Paramount+
2025-09-27,Sat,2025-26,Premier League,,,Home,Wolverhampton Wanderers,1,1,D,USA Network,USA Network
2025-09-30,Tue,2025-26,Champions League,League Phase,,Away,Bodo/Glimt,2,2,D,Paramount+,Paramount+
2025-10-04,Sat,2025-26,Premier League,,,Away,Leeds United,2,1,W,USA Network,USA Network
2025-10-19,Sun,2025-26,Premier League,,,Home,Aston Villa,1,2,L,USA Network,USA Network
2025-10-22,Wed,2025-26,Champions League,League Phase,,Away,AS Monaco,0,0,D,Paramount+,Paramount+
2025-10-26,Sun,2025-26,Premier League,,,Away,Everton,3,0,W,USA Network,USA Network
2025-10-29,Wed,2025-26,League Cup,Fourth Round,,Away,Newcastle United,0,2,L,Paramount+,Paramount+
2025-11-01,Sat,2025-26,Premier League,,,Home,Chelsea,0,1,L,Peacock,Peacock
2025-11-04,Tue,2025-26,Champions League,League Phase,,Home,F.C. København,4,0,W,CBSSN,"CBSSN, Paramount+"
2025-11-08,Sat,2025-26,Premier League,,,Home,Manchester United,2,2,D,Peacock,Peacock
2025-11-23,Sun,2025-26,Premier League,,,Away,Arsenal,1,4,L,Peacock,Peacock
2025-11-26,Wed,2025-26,Champions League,League Phase,,Away,Paris Saint-Germain,3,5,L,Paramount+,Paramount+
2025-11-29,Sat,2025-26,Premier League,,,Home,Fulham,1,2,L,USA Network,USA Network
2025-12-02,Tue,2025-26,Premier League,,,Away,Newcastle United,2,2,D,Peacock,Peacock
2025-12-06,Sat,2025-26,Premier League,,,Home,Brentford,2,0,W,USA Network,USA Network
2025-12-09,Tue,2025-26,Champions League,League Phase,,Home,Slavia Prague,3,0,W,Paramount+,Paramount+
2025-12-14,Sun,2025-26,Premier League,,,Away,Nottingham Forest,0,3,L,Peacock,Peacock
2025-12-20,Sat,2025-26,Premier League,,,Home,Liverpool,1,2,L,NBC,NBC
2025-12-28,Sun,2025-26,Premier League,,,Away,Crystal Palace,1,0,W,USA Network,USA Network
2026-01-01,Thu,2025-26,Premier League,,,Away,Brentford,0,0,D,Peacock,Peacock
2026-01-04,Sun,2025-26,Premier League,,,Home,Sunderland,1,1,D,NBCSN,"NBCSN, Peacock"
2026-01-07,Wed,2025-26,Premier League,,,Away,AFC Bournemouth,2,3,L,Peacock,Peacock
2026-01-10,Sat,2025-26,FA Cup,Third Round,,Home,Aston Villa,1,2,L,ESPN+,ESPN+
2026-01-17,Sat,2025-26,Premier League,,,Home,West Ham United,1,2,L,Peacock,Peacock
2026-01-20,Tue,2025-26,Champions League,League Phase,,Home,Borussia Dortmund,2,0,W,Paramount+,Paramount+
2026-01-24,Sat,2025-26,Premier League,,,Away,Burnley,2,2,D,USA Network,USA Network
2026-01-28,Wed,2025-26,Champions League,League Phase,,Away,Eintracht Frankfurt,2,0,W,Paramount+,Paramount+
2026-02-01,Sun,2025-26,Premier League,,,Home,Manchester City,2,2,D,NBCSN,"NBCSN, Peacock"
2026-02-07,Sat,2025-26,Premier League,,,Away,Manchester United,0,2,L,USA Network,USA Network
2026-02-10,Tue,2025-26,Premier League,,,Home,Newcastle United,1,2,L,Peacock,Peacock
2026-02-22,Sun,2025-26,Premier League,,,Home,Arsenal,1,4,L,USA Network,USA Network
2026-03-01,Sun,2025-26,Premier League,,,Away,Fulham,1,2,L,USA Network,USA Network
2026-03-05,Thu,2025-26,Premier League,,,Home,Crystal Palace,1,3,L,USA Network,USA Network
2026-03-10,Tue,2025-26,Champions League,Round of 16,1st,Away,Atlético Madrid,2,5,L,Paramount+,Paramount+
2026-03-15,Sun,2025-26,Premier League,,,Away,Liverpool,1,1,D,NBCSN,"NBCSN, Peacock"
2026-03-18,Wed,2025-26,Champions League,Round of 16,2nd,Home,Atlético Madrid,3,2,W,Paramount+,Paramount+
2026-03-22,Sun,2025-26,Premier League,,,Home,Nottingham Forest,0,3,L,USA Network,USA Network
2026-04-12,Sun,2025-26,Premier League,,,Away,Sunderland,0,1,L,USA Network,USA Network
2026-04-18,Sat,2025-26,Premier League,,,Home,Brighton & Hove Albion,2,2,D,NBC,NBC
2026-04-25,Sat,2025-26,Premier League,,,Away,Wolverhampton Wanderers,1,0,W,USA Network,USA Network
2026-05-03,Sun,2025-26,Premier League,,,Away,Aston Villa,2,1,W,USA Network,USA Network
2026-05-11,Mon,2025-26,Premier League,,,Home,Leeds United,1,1,D,USA Network,USA Network
2026-05-19,Tue,2025-26,Premier League,,,Away,Chelsea,1,2,L,Peacock,Peacock
2026-05-24,Sun,2025-26,Premier League,,,Home,Everton,1,0,W,NBC,"NBC, Peacock"
2026-08-22,Sat,2026-27,Premier League,,,Away,Brentford,0,3,L,NBC,"NBC, Peacock"
2026-08-26,Wed,2026-27,League Cup,Second Round,,Home,Charlton Athletic,5,1,W,Paramount+,Paramount+
2026-08-29,Sat,2026-27,Premier League,,,Home,Newcastle United,0,2,L,NBC,NBC
2026-09-05,Sat,2026-27,Premier League,,,Away,Nottingham Forest,0,0,D,NBCSN,"NBCSN, Peacock"
2026-09-12,Sat,2026-27,Premier League,,,Home,Everton,0,0,D,NBC,NBC
2026-09-15,Tue,2026-27,League Cup,Third Round,,Away,Liverpool,1,3,L,Paramount+,Paramount+
2026-09-19,Sat,2026-27,Premier League,,,Home,Aston Villa,2,3,L,USA Network,USA Network
2026-10-10,Sat,2026-27,Premier League,,,Away,Manchester United,,,upcoming,,
2026-10-19,Mon,2026-27,Premier League,,,Home,Coventry City,,,upcoming,,
2026-10-24,Sat,2026-27,Premier League,,,Away,Chelsea,,,upcoming,,
2026-10-31,Sat,2026-27,Premier League,,,Home,Crystal Palace,,,upcoming,,
2026-11-07,Sat,2026-27,Premier League,,,Away,Leeds United,,,upcoming,,
2026-11-21,Sat,2026-27,Premier League,,,Home,Ipswich Town,,,upcoming,,
2026-11-29,Sun,2026-27,Premier League,,,Away,Sunderland,,,upcoming,,
2026-12-02,Wed,2026-27,Premier League,,,Home,Fulham,,,upcoming,,
2026-12-05,Sat,2026-27,Premier League,,,Home,Arsenal,,,upcoming,,
2026-12-12,Sat,2026-27,Premier League,,,Away,Hull City,,,upcoming,,
2026-12-19,Sat,2026-27,Premier League,,,Away,Liverpool,,,upcoming,,
2026-12-26,Sat,2026-27,Premier League,,,Home,AFC Bournemouth,,,upcoming,,
2026-12-29,Tue,2026-27,Premier League,,,Home,Brighton & Hove Albion,,,upcoming,,
2027-01-03,Sun,2026-27,Premier League,,,Away,Manchester City,,,upcoming,,
2027-01-06,Wed,2026-27,Premier League,,,Away,Fulham,,,upcoming,,
2027-01-16,Sat,2026-27,Premier League,,,Home,Leeds United,,,upcoming,,
2027-01-23,Sat,2026-27,Premier League,,,Away,Crystal Palace,,,upcoming,,
2027-01-30,Sat,2026-27,Premier League,,,Home,Sunderland,,,upcoming,,
2027-02-06,Sat,2026-27,Premier League,,,Away,Ipswich Town,,,upcoming,,
2027-02-10,Wed,2026-27,Premier League,,,Home,Manchester City,,,upcoming,,
2027-02-20,Sat,2026-27,Premier League,,,Away,Brighton & Hove Albion,,,upcoming,,
2027-02-27,Sat,2026-27,Premier League,,,Home,Liverpool,,,upcoming,,
2027-03-03,Wed,2026-27,Premier League,,,Away,AFC Bournemouth,,,upcoming,,
2027-03-13,Sat,2026-27,Premier League,,,Home,Nottingham Forest,,,upcoming,,
2027-03-20,Sat,2026-27,Premier League,,,Away,Everton,,,upcoming,,
2027-04-10,Sat,2026-27,Premier League,,,Home,Brentford,,,upcoming,,
2027-04-17,Sat,2026-27,Premier League,,,Away,Newcastle United,,,upcoming,,
2027-04-24,Sat,2026-27,Premier League,,,Home,Hull City,,,upcoming,,
2027-05-01,Sat,2026-27,Premier League,,,Away,Arsenal,,,upcoming,,
2027-05-08,Sat,2026-27,Premier League,,,Home,Chelsea,,,upcoming,,
2027-05-15,Sat,2026-27,Premier League,,,Away,Coventry City,,,upcoming,,
2027-05-23,Sun,2026-27,Premier League,,,Home,Manchester United,,,upcoming,,
2027-05-30,Sun,2026-27,Premier League,,,Away,Aston Villa,,,upcoming,,
